,Date,Close,High,Low,Open,Volume,stock
0,2025-01-01,3903.252685546875,3923.706266508262,3877.6259252343875,3886.1205985527304,763161,TCS
1,2025-01-02,3963.332275390625,3970.213472540019,3888.5409662336,3910.4182421383885,1720835,TCS
2,2025-01-03,3891.3408203125,3967.3190100554248,3884.127566106747,3967.3190100554248,1791953,TCS
3,2025-01-06,3886.6904296875,3938.560332599053,3859.545197490021,3896.656302584134,2085593,TCS
4,2025-01-07,3823.38330078125,3929.7334436078268,3807.4853613249484,3905.6256161656233,2669054,TCS
5,2025-01-08,3899.40869140625,3916.113485341044,3813.3700813691175,3829.6475810881293,2181277,TCS
6,2025-01-09,3833.396484375,3927.265414585994,3820.5357175020263,3892.384862598553,2392472,TCS
7,2025-01-10,4048.658935546875,4078.4142731653005,3957.8746844541083,3986.3486030473036,7894300,TCS
8,2025-01-13,4072.814697265625,4103.044601693763,4012.3548884093498,4029.0596808346854,4003771,TCS
9,2025-01-14,4017.71728515625,4094.454590373018,4004.429456147033,4083.160028403723,3441709,TCS
10,2025-01-15,4033.426025390625,4039.9276635514543,3993.4202579833063,4003.4334017642514,1653474,TCS
11,2025-01-16,3992.328369140625,4075.567318807286,3978.613708278282,4043.2968742708517,2637705,TCS
12,2025-01-17,3986.52880859375,4021.6165011799776,3963.08887255939,4020.939695681563,1761466,TCS
13,2025-01-20,3941.58251953125,4007.3107665807174,3932.206591942462,4007.3107665807174,1287799,TCS
14,2025-01-21,3901.033935546875,3973.6734816653625,3895.379258358407,3958.497981875744,1971591,TCS
15,2025-01-22,4017.750244140625,4024.0812547656583,3909.104787428617,3914.711087541146,2409223,TCS
16,2025-01-23,4006.972900390625,4051.3395327602407,4001.7529079009387,4028.769436842585,1822998,TCS
17,2025-01-24,4013.641845703125,4038.4349192551795,3966.9068713794295,3966.9068713794295,1910099,TCS
18,2025-01-27,3929.354736328125,4017.5084152856,3906.0599315038703,3964.973867046099,1551782,TCS
19,2025-01-28,3905.335205078125,3964.974090445813,3893.7360609812577,3934.8163629909964,2468272,TCS
20,2025-01-29,3962.84716796875,3970.6285432095738,3918.5772926221866,3918.5772926221866,1217089,TCS
21,2025-01-30,3963.088623046875,3991.941585340912,3922.9267796325357,3962.9437281550117,1531251,TCS
22,2025-01-31,3975.0263671875,3990.5405047390313,3948.7833995175843,3972.7066328908318,1492943,TCS
23,2025-02-01,3937.087646484375,3997.741503018046,3920.5106310847846,3975.606564509793,437172,TCS
24,2025-02-03,3932.737548828125,3940.8087133119993,3865.1242603626174,3896.248579260421,1265713,TCS
25,2025-02-04,3969.854736328125,3981.2608431833637,3930.2245680255955,3947.284879379769,2547132,TCS
26,2025-02-05,3954.43798828125,4011.3703550712034,3939.8423053663196,4011.3703550712034,1693912,TCS
27,2025-02-06,3946.36669921875,4001.2209788539626,3916.2089750568643,3968.259986916976,2284536,TCS
28,2025-02-07,3894.798828125,3953.374595002479,3874.113784051329,3953.374595002479,1548940,TCS
29,2025-02-10,3902.096923828125,3916.644230568612,3880.2520112210996,3905.045086746592,1339511,TCS
30,2025-02-11,3831.149169921875,3905.045339609273,3822.8847322165034,3884.1667849836185,1810908,TCS
31,2025-02-12,3818.1962890625,3887.404606196338,3808.5303361658844,3838.446649169052,1678002,TCS
32,2025-02-13,3779.532470703125,3851.3505477933163,3771.896462322554,3835.4501025039126,2277310,TCS
33,2025-02-14,3803.407470703125,3816.1181040365336,3769.72153134308,3793.886412954254,1681975,TCS
34,2025-02-17,3774.071044921875,3802.585603975581,3727.3844484945375,3727.6744742582173,1799806,TCS
35,2025-02-18,3743.816650390625,3793.3062796669183,3735.4073189681676,3768.174803332807,2149879,TCS
36,2025-02-19,3657.693359375,3745.508400554833,3642.2759755929487,3742.850263486918,4366672,TCS
37,2025-02-20,3653.150146484375,3661.4629603766616,3625.988960412709,3635.848185178673,2888572,TCS
38,2025-02-21,3659.52978515625,3689.4942392872176,3648.8972369162293,3649.960586134303,1833931,TCS
39,2025-02-24,3552.81787109375,3637.4914799757285,3547.4048428794777,3618.111196511734,2508516,TCS
40,2025-02-25,3508.305908203125,3535.8054964280086,3500.283120267886,3503.907852529123,4101954,TCS
41,2025-02-27,3491.873779296875,3516.4735816470966,3480.419530987875,3491.0520789257853,3823856,TCS
42,2025-02-28,3366.89306640625,3479.743067268356,3341.5199398740847,3465.195760859545,7085018,TCS
43,2025-03-03,3376.365478515625,3405.556606946145,3360.0298777157327,3368.584339801977,4990439,TCS
44,2025-03-04,3414.06298828125,3432.3799220820893,3348.576156481458,3357.952083726606,2797737,TCS
45,2025-03-05,3428.56201171875,3480.081589993446,3403.237261275363,3403.237261275363,2501894,TCS
46,2025-03-06,3481.28955078125,3488.877181911339,3417.9775618337376,3438.1793081878077,2786513,TCS
47,2025-03-07,3490.568603515625,3503.907664719036,3454.997852301583,3479.7427842726975,2051315,TCS
48,2025-03-10,3469.73876953125,3501.1049762137254,3462.9244613654673,3486.0259949428714,1004626,TCS
49,2025-03-11,3455.8681640625,3468.8688234276665,3419.4757100500633,3439.146018462038,1995450,TCS
50,2025-03-12,3389.076416015625,3450.020297279617,3370.3729384283747,3445.912267227522,3174167,TCS
51,2025-03-13,3393.764404296875,3406.5717917540665,3367.714708703622,3385.306695598729,1693004,TCS
52,2025-03-17,3380.860107421875,3412.516101378981,3361.1900359739784,3372.450776071524,2690906,TCS
53,2025-03-18,3380.860107421875,3380.860107421875,3380.860107421875,3380.860107421875,0,TCS
54,2025-03-19,3380.28076171875,3428.513776271942,3347.0781163759984,3428.513776271942,3051244,TCS
55,2025-03-20,3444.1240234375,3459.3962767054963,3394.682767165146,3394.682767165146,2845192,TCS
56,2025-03-21,3458.57470703125,3495.450223009194,3349.252685164703,3358.9186380800415,4161925,TCS
57,2025-03-24,3507.725830078125,3527.831058731868,3447.4587570622184,3479.7429444303652,1834751,TCS
58,2025-03-25,3535.56396484375,3586.0685693582973,3516.473707634902,3523.2398747468987,3135390,TCS
59,2025-03-26,3514.34716796875,3557.553929809202,3504.7295921250025,3525.897934373459,1734499,TCS
60,2025-03-27,3529.23291015625,3540.6387825331667,3489.892526436254,3494.097310621218,2528474,TCS
61,2025-03-28,3485.6875,3538.656968927356,3471.9135171595426,3529.0393930182477,2051919,TCS
62,2025-04-01,3432.1865234375,3464.277439125219,3407.248318336048,3453.354865404157,2618493,TCS
63,2025-04-02,3425.565185546875,3445.0422214056125,3412.129605979645,3425.6135625063594,1764313,TCS
64,2025-04-03,3289.46875,3385.0167912281404,3282.702582798802,3374.3842427691143,4537821,TCS
65,2025-04-04,3189.184326171875,3286.085501586113,3185.414699028632,3250.2733357697866,5317367,TCS
66,2025-04-07,3164.68115234375,3181.4514379526936,2953.963392712106,2996.445205771086,6623955,TCS
67,2025-04-08,3182.949951171875,3237.127665022999,3146.5577324611054,3191.7460628104113,5557558,TCS
68,2025-04-09,3138.148193359375,3160.76642752928,3104.752280697163,3151.6321497293247,2990265,TCS
69,2025-04-11,3123.552734375,3188.749540631033,3098.904554048043,3179.6636391398747,7108961,TCS
70,2025-04-15,3139.69482421875,3203.683386247662,3130.415650876791,3203.683386247662,3512160,TCS
71,2025-04-16,3164.439697265625,3168.596104196088,3121.136181217996,3139.6947635283577,2384391,TCS
72,2025-04-17,3188.701171875,3193.2443586174536,3110.50370573642,3137.085076745666,2932346,TCS
73,2025-04-21,3210.64306640625,3241.9606599617177,3174.3957423905777,3180.1953142330854,2432946,TCS
74,2025-04-22,3203.68310546875,3222.531712274605,3184.931252579041,3211.6093750675464,2710498,TCS
75,2025-04-23,3298.989990234375,3306.625999245761,3225.8187680904407,3252.5934125809176,3543923,TCS
76,2025-04-24,3287.970458984375,3298.5062526941524,3274.534643572778,3287.487161364933,2252175,TCS
77,2025-04-25,3332.82080078125,3361.6253897019787,3291.25720030747,3305.7561307053,2742991,TCS
78,2025-04-28,3328.470703125,3342.2930622298845,3291.2567864500143,3320.2546435993536,1593296,TCS
79,2025-04-29,3356.501953125,3378.250345909827,3315.808199342435,3339.5865365145787,1578332,TCS
80,2025-04-30,3338.330078125,3392.65268577439,3253.5597190937174,3356.0188189819924,2809332,TCS
81,2025-05-02,3316.38818359375,3374.867194117627,3305.7556362257724,3356.0185874198487,1721761,TCS
82,2025-05-05,3338.909912109375,3387.4329449049897,3331.27366828836,3334.753505470742,1284443,TCS
83,2025-05-06,3344.419677734375,3356.9854164079434,3322.1879862349847,3344.419677734375,1324763,TCS
84,2025-05-07,3330.017333984375,3343.9362109554654,3306.335750758935,3306.335750758935,1477128,TCS
85,2025-05-08,3333.6904296875,3360.851851961966,3314.1652518601954,3332.820588313161,2543591,TCS
86,2025-05-09,3325.378173828125,3331.0809922460435,3284.587895488488,3285.457736947085,2531757,TCS
87,2025-05-12,3499.46142578125,3509.22413241534,3385.209911911905,3387.916425868549,2228678,TCS
88,2025-05-13,3397.582275390625,3501.97456151927,3393.232596801932,3499.4613194961807,3062887,TCS
89,2025-05-14,3430.15673828125,3442.0459078220697,3391.396407841002,3403.3820953219624,2119499,TCS
90,2025-05-15,3460.314453125,3479.7431132346333,3396.712670565691,3444.945682102287,3548330,TCS
91,2025-05-16,3442.335693359375,3473.8465567565913,3427.6434928317944,3473.8465567565913,1666727,TCS
92,2025-05-19,3401.255615234375,3431.413341631395,3386.659931697025,3431.413341631395,2537377,TCS
93,2025-05-20,3381.4404296875,3439.1461226598826,3377.2840226457647,3413.82137266364,2038374,TCS
94,2025-05-21,3408.021728515625,3418.8475485914832,3381.4403579795026,3390.8162851170264,1440153,TCS
95,2025-05-22,3360.851806640625,3380.9570357698217,3336.0103550080185,3378.250521774226,2034383,TCS
96,2025-05-23,3397.195556640625,3416.9140041659366,3349.8323922264435,3360.85148302262,1274331,TCS
97,2025-05-26,3419.137451171875,3426.5801874567637,3392.8461073678304,3403.3819012793415,967470,TCS
98,2025-05-27,3381.826904296875,3421.747337093333,3366.7481593177404,3414.014574749619,2467680,TCS
99,2025-05-28,3380.860107421875,3411.114585484783,3376.31715701285,3402.4152283668,1222933,TCS
100,2025-05-29,3381.247314453125,3414.498100356932,3370.034713912086,3387.626702221486,3188072,TCS
101,2025-05-30,3347.705810546875,3389.5594310198626,3337.750068509547,3373.417337946492,3404365,TCS
102,2025-06-02,3334.560546875,3344.4197718377163,3304.4028204069105,3334.7538187399196,1877585,TCS
103,2025-06-03,3291.4501953125,3357.468700034321,3286.9072447003623,3330.8873298742683,2848125,TCS
104,2025-06-04,3297.0087890625,3310.56402774214,3286.379348716646,3304.9078969735056,2544807,TCS
105,2025-06-05,3287.451904296875,3324.4113841471617,3280.235380032571,3324.4113841471617,3584683,TCS
106,2025-06-06,3300.226806640625,3306.7605099618336,3275.359545608902,3287.4520036268846,2070390,TCS
107,2025-06-09,3336.991455078125,3348.791310023286,3306.760665733127,3315.634960419095,1718678,TCS
108,2025-06-10,3376.97412109375,3399.3060406489903,3338.2592545088482,3354.6424396212137,2419874,TCS
109,2025-06-11,3385.750732421875,3402.4265208353168,3363.516665314218,3383.8979728571367,2847013,TCS
110,2025-06-12,3348.986083984375,3388.481144938844,3338.259030391803,3385.7505745896515,4060134,TCS
111,2025-06-13,3360.200927734375,3364.8818717382055,3309.003623498393,3309.003623498393,2178493,TCS
112,2025-06-16,3409.54541015625,3421.9302340050463,3341.1847251814343,3354.642349665819,1934088,TCS
113,2025-06-17,3428.073974609375,3432.6573046439225,3401.5489430536663,3422.905437301184,2111940,TCS
114,2025-06-18,3365.75927734375,3450.2105407013996,3357.665418209048,3431.7796073253016,2696327,TCS
115,2025-06-19,3339.039306640625,3365.3693479021017,3328.3122527933565,3364.394161188714,2672768,TCS
116,2025-06-20,3350.448974609375,3360.786049100129,3326.2642962767654,3340.0145242959966,2351248,TCS
117,2025-06-23,3309.393798828125,3340.014567071261,3286.3792966511382,3330.2626997221478,3123421,TCS
118,2025-06-24,3306.27294921875,3356.690292940616,3298.081476031171,3349.376392565029,3403048,TCS
119,2025-06-25,3359.3232421875,3364.3941654870573,3315.634829755361,3322.7537403887272,1757699,TCS
120,2025-06-26,3356.397705078125,3365.759354753242,3330.555256962972,3359.3232652421043,2879106,TCS
121,2025-06-27,3355.71533203125,3380.387367158931,3345.8658502962735,3369.2703330730474,1778433,TCS
122,2025-06-30,3376.096435546875,3378.924381810933,3344.8904604060604,3354.5447137321717,1468351,TCS
123,2025-07-01,3344.59814453125,3398.526022577794,3328.800165873544,3369.2704183662204,2375183,TCS
124,2025-07-02,3338.356689453125,3403.3039810516498,3335.1385257152824,3400.671024568939,3090585,TCS
125,2025-07-03,3316.4150390625,3350.058980842342,3313.294489180619,3344.8904436190446,2531870,TCS
126,2025-07-04,3334.943603515625,3341.964900305915,3305.980605453995,3323.4363525656718,1109320,TCS
127,2025-07-07,3327.044677734375,3341.0875101654565,3323.8265137554163,3333.481005692293,1639174,TCS
128,2025-07-08,3321.680908203125,3340.0144658805552,3309.1984707578945,3320.5107317732236,2325242,TCS
129,2025-07-09,3299.8369140625,3329.2875057764963,3283.4537293349335,3325.3867588452995,2034938,TCS
130,2025-07-10,3298.081298828125,3314.659472122057,3272.7264455550526,3296.130925499427,3035012,TCS
131,2025-07-11,3184.959716796875,3252.247598137654,3180.1813972680684,3218.0184502225306,7635550,TCS
132,2025-07-14,3142.734130859375,3190.8108827918168,3120.5974403831947,3184.9597625910983,3924009,TCS
133,2025-07-15,3171.599853515625,3178.523536457564,3126.448660244279,3126.448660244279,2590889,TCS
134,2025-07-16,3163.576171875,3175.1222359666176,3151.344969328223,3157.607249475903,2540733,TCS
135,2025-07-17,3140.18994140625,3172.2846643823304,3135.199754145851,3154.7696780470374,2947640,TCS
136,2025-07-18,3121.304931640625,3159.3685771406017,3118.46738821797,3155.6502438038765,3432645,TCS
137,2025-07-21,3090.28662109375,3128.839514334287,3084.2199924907163,3121.4028477301345,3844346,TCS
138,2025-07-22,3091.65673828125,3111.7159107005,3086.764257203384,3091.65673828125,3198036,TCS
139,2025-07-23,3110.7373046875,3113.5748480562365,3089.6996367952283,3091.6566291573,1922875,TCS
140,2025-07-24,3080.30615234375,3105.4534578423713,3072.478182452152,3097.0385335433134,2934778,TCS
141,2025-07-25,3068.368408203125,3089.014534530361,3058.3877948178133,3072.4780444334683,2568917,TCS
142,2025-07-28,3013.083251953125,3050.951005299135,3003.8852447797885,3043.123036074506,3374473,TCS
143,2025-07-29,2990.284423828125,3007.8973556438664,2975.802632112602,2994.1984086760676,4785312,TCS
144,2025-07-30,2987.93603515625,3003.0047807939304,2981.673516260727,2994.1983151611034,2880121,TCS
145,2025-07-31,2971.497314453125,2994.0027271024683,2950.166049468222,2976.2918502873677,2968371,TCS
146,2025-08-01,2938.424072265625,2971.4972914199097,2935.488583681943,2964.7455243430377,2053847,TCS
147,2025-08-04,3008.28857421875,3013.181055141491,2927.2692812506943,2944.392964480288,2519252,TCS
148,2025-08-05,2998.014404296875,3011.322048140622,2976.5854331255146,3008.2886143717656,1927996,TCS
149,2025-08-06,2967.093994140625,3000.8521121202134,2960.9294204705666,2997.1337788834585,1487081,TCS
150,2025-08-07,2981.47802734375,2985.9792055799644,2946.154217712285,2951.1446440658847,2543076,TCS
151,2025-08-08,2971.105712890625,2994.002666894786,2959.9509519667536,2982.5543093380406,2762140,TCS
152,2025-08-11,2975.411376953125,2984.3155492907413,2956.3307005130723,2971.1058502168585,1884215,TCS
153,2025-08-12,2970.127197265625,3029.8154640054736,2961.809979769089,2975.6068714078456,3358232,TCS
154,2025-08-13,2970.91015625,2978.9337774241835,2963.473728360306,2970.812449963036,2148166,TCS
155,2025-08-14,2957.30908203125,2990.1864106721328,2954.1779420022144,2968.757439673081,3342174,TCS
156,2025-08-18,2946.44775390625,2983.434958599791,2938.815435653507,2980.988718063058,2945609,TCS
157,2025-08-19,2951.34033203125,2959.9511467818434,2946.350144506624,2946.4478507969,2650784,TCS
158,2025-08-20,3031.96826171875,3036.664852119672,2946.1539583708727,2946.1539583708727,4952358,TCS
159,2025-08-21,3035.882568359375,3062.693270119804,3016.801891436903,3062.693270119804,3230726,TCS
160,2025-08-22,2988.327392578125,3029.1306363096523,2984.4134077810354,3019.639270954844,1593791,TCS
161,2025-08-25,3073.065185546875,3084.2199463957195,3010.9306783780526,3020.9112915939663,3448370,TCS
162,2025-08-26,3089.308349609375,3094.0051794435944,3052.9083364528824,3061.714802808035,5522097,TCS
163,2025-08-28,3027.173583984375,3078.8382300613293,3020.1284592672155,3077.3704857914763,3116051,TCS
164,2025-08-29,3018.3671875,3048.0156702082504,3011.028465982645,3026.4887537573413,2271789,TCS
165,2025-09-01,3045.667236328125,3063.7694152474464,3023.5531276055535,3023.5531276055535,1246862,TCS
166,2025-09-02,3044.5908203125,3087.1554035307527,3036.3715480748965,3053.98447906176,2185229,TCS
167,2025-09-03,3030.891845703125,3074.3369795089966,3021.5961322134785,3062.595025627338,1799774,TCS
168,2025-09-04,3029.130859375,3050.9513740037746,3024.336323201764,3048.9943814611165,1481391,TCS
169,2025-09-05,2982.75,3036.664997028233,2963.47367273015,3030.5006621101975,2802055,TCS
170,2025-09-08,2954.080078125,2998.9929589138555,2951.144589474992,2984.413460841752,2626187,TCS
171,2025-09-09,2983.826171875,2994.19832699537,2965.62628616296,2966.898378981974,2489301,TCS
172,2025-09-10,3043.123291015625,3055.550145422665,2987.740308555338,2990.675797260498,2079428,TCS
173,2025-09-11,3057.017822265625,3071.4996140027415,3043.221168990462,3071.4996140027415,2263446,TCS
174,2025-09-12,3066.02001953125,3080.991059765134,3053.8867617246956,3076.3921752202637,1447167,TCS
175,2025-09-15,3044.982177734375,3066.6070389449774,3029.4241839737238,3066.6070389449774,1732539,TCS
176,2025-09-16,3078.0556640625,3082.263245795216,3042.2428439695796,3060.7363278880744,2573429,TCS
177,2025-09-17,3104.57275390625,3113.966173979194,3074.8263264485827,3084.2199854121977,2418271,TCS
178,2025-09-18,3108.388916015625,3134.1234145595795,3093.4178759668794,3116.51048247651,2633138,TCS
179,2025-09-19,3101.050048828125,3112.107103450778,3076.3919928468,3101.8328935510035,4901694,TCS
180,2025-09-22,3007.70166015625,3040.089740964508,2999.090845838676,3028.445731768582,3634901,TCS
181,2025-09-23,2996.546630859375,3014.453158879609,2986.3703660594774,3003.983297445149,3177741,TCS
182,2025-09-24,2970.127197265625,2991.262810224855,2967.778901999341,2984.4133369924134,1625714,TCS
183,2025-09-25,2893.804443359375,2964.4520571099356,2887.5421635017433,2957.015390749667,4974361,TCS
184,2025-09-26,2836.758544921875,2891.260737711385,2829.126226471788,2877.7574418213358,3934636,TCS
185,2025-09-29,2833.82275390625,2866.3087778304835,2831.7678164651984,2853.2947314486933,3110035,TCS
186,2025-09-30,2826.288330078125,2852.610021207006,2823.0594837288886,2848.402439766557,2253458,TCS
187,2025-10-01,2851.53369140625,2861.9058470940704,2804.957413772581,2828.8326264436423,1952902,TCS
188,2025-10-03,2839.498046875,2861.1229086009284,2828.9304789544044,2861.1229086009284,2899519,TCS
189,2025-10-06,2924.137939453125,2929.22631078988,2833.3336834873367,2839.5959635916415,2112774,TCS
190,2025-10-07,2909.75390625,2939.891634958981,2891.9453243871753,2930.5959216848555,3062943,TCS
191,2025-10-08,2962.103515625,2977.5638026677234,2904.176590968716,2911.0260640606234,4121889,TCS
192,2025-10-09,2995.86181640625,3000.069397912704,2955.0585719818546,2968.757519004287,3211304,TCS
193,2025-10-10,2963.179931640625,3003.983173218589,2942.239970746985,2984.413250266025,8817365,TCS
194,2025-10-13,2942.533935546875,2970.2254277677166,2933.7274691163334,2961.908209472205,2866865,TCS
195,2025-10-14,2896.642333984375,2962.1036338769445,2891.9455044700007,2956.0370052457697,3611416,TCS
196,2025-10-15,2916.7763671875,2926.499513769408,2898.31197994854,2917.954894078994,4282226,TCS
197,2025-10-16,2917.66015625,2921.883430677564,2890.553079047838,2916.87439174088,3251495,TCS
198,2025-10-17,2909.311767578125,2935.4369375213087,2902.6331292681275,2916.972551528368,4374683,TCS
199,2025-10-20,2961.365478515625,2969.0262624451843,2925.320781572273,2932.1958010354274,3133039,TCS
200,2025-10-21,2953.017333984375,2977.669286180243,2942.508423286113,2976.981832168517,310644,TCS
201,2025-10-23,3018.330078125,3042.687339125331,2981.892616996725,3000.4550745732363,5564758,TCS
202,2025-10-24,3008.508544921875,3034.8300966289034,3003.6961270890743,3025.0086400055093,2684318,TCS
203,2025-10-27,3029.821044921875,3038.9550474990237,3005.5620951218402,3011.7496607245316,1946312,TCS
204,2025-10-28,3003.30322265625,3035.0265765381446,2985.919291823652,3021.0801556355614,3470737,TCS
205,2025-10-29,3003.0087890625,3021.080174034828,2991.714113509379,3003.3032409472494,2895420,TCS
206,2025-10-30,2981.106689453125,3009.0978400091353,2978.6513253692647,2994.6603471523654,2241536,TCS
207,2025-10-31,3003.4013671875,3012.6334402910475,2971.088871543434,2980.8120174669925,1868085,TCS
208,2025-11-03,2962.93701171875,3003.4013640895914,2956.2583734171585,2992.499451583931,2194877,TCS
209,2025-11-04,2936.81201171875,2975.214004338424,2922.8655907942766,2965.6872390451917,2670720,TCS
210,2025-11-06,2957.142333984375,2970.0085383136757,2936.61558517126,2936.7138956519902,2542721,TCS
211,2025-11-07,2938.383544921875,2950.3656744717186,2907.6423366423182,2947.419237380036,1830520,TCS
212,2025-11-10,2971.18701171875,2993.4816703122747,2938.579823663838,2939.5619693268272,1556656,TCS
213,2025-11-11,2992.597900390625,3001.142519888641,2964.1156755427983,2990.633609021809,2806868,TCS
214,2025-11-12,3075.8837890625,3080.4015151753365,3002.51755709654,3005.3656835637266,4460315,TCS
215,2025-11-13,3050.249755859375,3075.9819244274895,3046.61586484088,3075.8838537295965,1740435,TCS
216,2025-11-14,3050.54443359375,3057.517763723578,3022.356900982103,3034.830102963518,2210794,TCS
217,2025-11-17,3046.812255859375,3067.7320066302495,3031.4909272444793,3050.544457369475,2232853,TCS
218,2025-11-18,3031.98193359375,3049.5622448251693,3023.0443122614724,3046.6158078736476,2548350,TCS
219,2025-11-19,3091.499755859375,3098.6694669245953,3028.4460542827223,3041.705020306013,3151053,TCS
220,2025-11-20,3088.65185546875,3108.0000778660146,3082.0715272134535,3091.794673762747,2700767,TCS
221,2025-11-21,3094.34814453125,3113.4016740052466,3079.2229578295533,3088.6516518716926,4177037,TCS
222,2025-11-24,3085.115966796875,3122.1428110333977,3075.0981288018247,3101.616062202543,6703764,TCS
223,2025-11-25,3063.5087890625,3093.562543096727,3059.3838251197944,3089.142887490615,2737920,TCS
224,2025-11-26,3106.428466796875,3121.2589624366606,3061.348076121797,3063.115986297256,2508527,TCS
225,2025-11-27,3080.59814453125,3123.223169867727,3069.205159068128,3123.223169867727,2836233,TCS
226,2025-11-28,3081.48193359375,3091.1070087848907,3069.205113141185,3083.937297684263,1616690,TCS
227,2025-12-01,3077.455078125,3097.687374390369,3066.4550948216056,3081.8747335418534,1747647,TCS
228,2025-12-02,3079.714111328125,3087.8659682974553,3064.6872347092776,3075.0980746626374,2512003,TCS
229,2025-12-03,3123.22314453125,3154.5534946281955,3082.9551731709416,3083.9373188138757,3952112,TCS
230,2025-12-04,3171.544677734375,3191.9733551637537,3130.4909417024,3136.9731988901626,5025905,TCS
231,2025-12-05,3180.384033203125,3213.187842167148,3164.866083794654,3172.330486734928,5244013,TCS
232,2025-12-08,3178.71435546875,3201.6964674714213,3151.3125880977464,3185.0983021118977,2544725,TCS
233,2025-12-09,3151.01806640625,3175.964471029267,3124.401822284255,3172.330579931189,2734893,TCS
234,2025-12-10,3132.259033203125,3167.41989738469,3121.357359750894,3167.41989738469,1386849,TCS
235,2025-12-11,3134.91064453125,3151.1160479641035,3096.8035846478047,3147.7768486239356,1914362,TCS
236,2025-12-12,3163.0,3165.4553640739014,3128.8212841349605,3140.607031689688,1146554,TCS
237,2025-12-15,3172.52685546875,3180.384020730158,3140.2143592438706,3153.7680172761306,1562190,TCS
238,2025-12-16,3147.875244140625,3162.509118995985,3134.1252044928165,3162.509118995985,1734623,TCS
239,2025-12-17,3160.348388671875,3179.107227122374,3143.3572206041695,3143.3572206041695,1376350,TCS
240,2025-12-18,3222.2236328125,3229.09865265339,3163.4912725011322,3170.366292342023,2307422,TCS
241,2025-12-19,3223.402099609375,3258.661033366418,3220.259281411304,3240.09857605464,3902511,TCS
242,2025-12-22,3265.5361328125,3269.170263717588,3232.2414895890165,3250.9022578364156,2632816,TCS
243,2025-12-23,3250.902099609375,3260.625245626059,3234.6966963938,3260.625245626059,2365420,TCS
244,2025-12-24,3259.741455078125,3267.696930860065,3237.2504153109776,3245.107580613968,1367708,TCS
245,2025-12-26,3221.437744140625,3260.7235702886815,3213.384197736604,3253.9468611908032,1176664,TCS
246,2025-12-29,3193.446533203125,3229.294848891858,3184.9999848268185,3221.437683809396,2079473,TCS
247,2025-12-30,3188.83056640625,3209.160933545371,3181.6608551553877,3191.973384551631,2807593,TCS
248,2025-12-31,3148.955322265625,3188.0447669329633,3141.392848747715,3182.151893056932,3362634,TCS
249,2026-01-01,3169.77685546875,3176.3574233163417,3141.0982497161094,3157.59834501185,1255735,TCS
250,2026-01-02,3192.660888671875,3196.196709004467,3162.017991655493,3176.2591039024273,1184324,TCS
251,2026-01-05,3158.6787109375,3189.026915514335,3134.026759287417,3182.642968809425,2341703,TCS
252,2026-01-06,3197.669921875,3204.9377039238207,3147.7768738587542,3152.6876022111082,2912325,TCS
253,2026-01-07,3236.75927734375,3241.6700055592964,3165.651788913644,3185.0000101265678,1989442,TCS
254,2026-01-08,3146.6962890625,3228.2143763788763,3125.1873956711997,3228.2143763788763,4159336,TCS
255,2026-01-09,3150.52685546875,3172.0357492326657,3134.0267606372377,3134.0267606372377,1938673,TCS
256,2026-01-12,3181.75927734375,3193.937788002805,3117.6251157476318,3145.8126491306843,2228342,TCS
257,2026-01-13,3209.652099609375,3221.437847833155,3153.1787227037635,3187.0627488471305,5645341,TCS
258,2026-01-14,3135.5,3201.7948316366483,3126.1696162881753,3201.7948316366483,3539511,TCS
259,2026-01-15,3135.5,3135.5,3135.5,3135.5,0,TCS
260,2026-01-16,3206.699951171875,3221.89990234375,3171.0,3219.39990234375,4293470,TCS
261,2026-01-19,3163.60009765625,3220.0,3152.10009765625,3188.0,3387562,TCS
262,2026-01-20,3102.300048828125,3160.0,3091.10009765625,3151.60009765625,4499273,TCS
263,2026-01-21,3122.60009765625,3138.5,3082.0,3100.0,2015150,TCS
264,2026-01-22,3150.39990234375,3160.0,3122.300048828125,3150.0,2269827,TCS
265,2026-01-23,3162.5,3194.5,3152.0,3190.300048828125,2068857,TCS
266,2026-01-27,3158.0,3175.0,3130.0,3175.0,4279874,TCS
267,2026-01-28,3200.10009765625,3205.199951171875,3170.60009765625,3176.0,2751234,TCS
268,2026-01-29,3144.39990234375,3200.10009765625,3125.60009765625,3200.10009765625,2457641,TCS
269,2026-01-30,3123.89990234375,3141.0,3092.0,3141.0,3022068,TCS
270,2026-02-02,3169.60009765625,3198.0,3134.0,3198.0,2636272,TCS
271,2026-02-03,3225.300048828125,3350.0,3186.300048828125,3350.0,4366060,TCS
272,2026-02-04,2999.10009765625,3120.0,2986.0,3120.0,10852595,TCS
0,2025-01-01,1828.3900146484375,1838.5395957247827,1820.134335963438,1820.134335963438,1838368,INFY
1,2025-01-02,1901.57421875,1906.2362966487788,1831.109641782825,1832.7607301511275,7083645,INFY
2,2025-01-03,1883.023193359375,1896.8149857004253,1866.7546499738073,1896.8149857004253,6218003,INFY
3,2025-01-06,1882.1490478515625,1916.288731426852,1872.5821967516326,1895.8923485784164,7164403,INFY
4,2025-01-07,1875.3502197265625,1902.2540906114118,1868.357221729347,1889.0935202054077,4294832,INFY
5,2025-01-08,1877.5841064453125,1882.8774057609294,1834.460303784991,1874.5246254427705,5482050,INFY
6,2025-01-09,1862.1898193359375,1895.74665458795,1855.6338390718154,1878.4583629543145,6833503,INFY
7,2025-01-10,1910.4124755859375,1920.9507009797642,1876.709930393327,1881.3233976824297,8036913,INFY
8,2025-01-13,1905.799072265625,1925.8070469770787,1892.9785364775742,1899.7773306055078,5804152,INFY
9,2025-01-14,1884.285888671875,1915.1232771204202,1875.5930733895989,1912.2579998126723,5792162,INFY
10,2025-01-15,1893.60986328125,1901.7684398888914,1881.420549328485,1891.036010381721,2985439,INFY
11,2025-01-16,1873.0191650390625,1910.41253260361,1861.7526156669912,1909.4412763032324,7533579,INFY
12,2025-01-17,1763.2672119140625,1804.5942151264314,1759.9164250856263,1797.7954209897873,16409953,INFY
13,2025-01-20,1761.17919921875,1775.4080099966866,1741.60835991682,1770.5517282126625,4333011,INFY
14,2025-01-21,1748.941162109375,1779.0016155615642,1741.5111463055791,1766.7638099629812,7169109,INFY
15,2025-01-22,1803.0887451171875,1812.1700865447272,1753.2633671133483,1755.448693830049,8373913,INFY
16,2025-01-23,1811.8299560546875,1825.5247642701754,1799.446438649042,1804.5941442893445,5907471,INFY
17,2025-01-24,1821.5426025390625,1840.4336089404926,1810.6645792715367,1811.8786496612856,4887027,INFY
18,2025-01-27,1769.6290283203125,1809.4505377391558,1759.9164650474238,1795.6101350752897,7652371,INFY
19,2025-01-28,1777.15625,1809.9361507719634,1772.4456805643415,1777.3990640797924,6999495,INFY
20,2025-01-29,1827.1759033203125,1834.36322360914,1787.5972093347696,1791.9678626583263,5145155,INFY
21,2025-01-30,1806.488037109375,1832.9547702492719,1790.9965471548646,1819.3086909049005,7336056,INFY
22,2025-01-31,1825.7677001953125,1842.910279604707,1817.2205970496623,1817.2205970496623,5820470,INFY
23,2025-02-01,1798.1353759765625,1836.2571867836969,1792.9391783431893,1826.2533177597818,1701402,INFY
24,2025-02-03,1809.741943359375,1822.6110895629577,1779.7300994439906,1783.2265984737837,4823228,INFY
25,2025-02-04,1844.2215576171875,1856.2650411997822,1821.1056096540206,1834.703198206104,7334787,INFY
26,2025-02-05,1842.521728515625,1864.5205878724964,1839.8507738106882,1851.2144245852517,4996744,INFY
27,2025-02-06,1860.587158203125,1868.6971246106148,1845.3869733680706,1861.898330498206,4765255,INFY
28,2025-02-07,1848.9320068359375,1868.40562375176,1835.140096778848,1864.13219104828,4126260,INFY
29,2025-02-10,1826.2532958984375,1850.2432794461592,1824.6020890265615,1850.2432794461592,3828734,INFY
30,2025-02-11,1821.7369384765625,1848.3007750893653,1816.249316561804,1828.9727506286142,4411601,INFY
31,2025-02-12,1809.5963134765625,1840.142278618334,1793.9104995274497,1830.8182412610952,5633947,INFY
32,2025-02-13,1790.268310546875,1819.6488158467762,1782.8867858202054,1814.792533979024,5237744,INFY
33,2025-02-14,1803.040283203125,1805.856950285683,1775.7964955938853,1800.7092442878504,5292961,INFY
34,2025-02-17,1789.345458984375,1799.4950394980904,1769.77462159192,1785.703248001718,4428956,INFY
35,2025-02-18,1798.7181396484375,1808.1393973263787,1784.780634818134,1789.3456107739096,4365260,INFY
36,2025-02-19,1758.7509765625,1796.0471240806544,1753.9917969230971,1794.2989338566194,4611411,INFY
37,2025-02-20,1772.6884765625,1778.3703022593725,1753.6518766132701,1753.6518766132701,2218020,INFY
38,2025-02-21,1762.8302001953125,1777.2533326664163,1754.2830972545896,1769.4347905187403,3379879,INFY
39,2025-02-24,1713.3931884765625,1756.0313630959042,1699.9413126430345,1748.309923055587,7594720,INFY
40,2025-02-25,1716.8897705078125,1727.330776075937,1694.9880113599872,1694.9880113599872,5092963,INFY
41,2025-02-27,1713.5875244140625,1724.8054634563641,1700.7668702151418,1704.748997302386,5757079,INFY
42,2025-02-28,1639.189208984375,1704.6519072727174,1634.0901134127998,1704.6034155946859,12182167,INFY
43,2025-03-03,1659.488525390625,1678.9136517994152,1643.6571185043986,1643.6571185043986,7504969,INFY
44,2025-03-04,1639.7720947265625,1650.1644899401717,1621.9980566215932,1646.2794646548505,6759673,INFY
45,2025-03-05,1662.30517578125,1683.1385762213686,1643.8026956375877,1643.8026956375877,8180782,INFY
46,2025-03-06,1666.5301513671875,1672.794825837321,1642.4915571816716,1665.7046071983816,10610547,INFY
47,2025-03-07,1637.5380859375,1655.9919552333556,1627.339895010843,1654.1465445914585,8019331,INFY
48,2025-03-10,1652.5439453125,1669.5895404009018,1628.0197243147556,1637.5380832553346,7558981,INFY
49,2025-03-11,1613.83935546875,1631.7104941166237,1589.9950857541564,1631.7104941166237,12671234,INFY
50,2025-03-12,1545.123046875,1589.84944650162,1518.850635339536,1589.84944650162,14870008,INFY
51,2025-03-13,1534.439208984375,1559.886194636392,1525.163782654934,1553.2816045131979,7822888,INFY
52,2025-03-17,1544.34619140625,1548.1826065260266,1500.736758011993,1500.736758011993,7526032,INFY
53,2025-03-18,1544.34619140625,1544.34619140625,1544.34619140625,1544.34619140625,0,INFY
54,2025-03-19,1540.94677734375,1556.9238965430377,1527.5920028100838,1556.9238965430377,7387068,INFY
55,2025-03-20,1569.11328125,1584.9932992405397,1546.240146235024,1546.240146235024,7186750,INFY
56,2025-03-21,1546.7742919921875,1557.7980274559397,1518.7049607743006,1532.59385494289,10074677,INFY
57,2025-03-24,1546.968505859375,1560.9060103586978,1527.4947691913153,1552.0189913058653,8857726,INFY
58,2025-03-25,1581.6422119140625,1589.1209562659596,1558.8663000022038,1558.8663000022038,9890140,INFY
59,2025-03-26,1553.4759521484375,1590.6751185099797,1549.153908730525,1579.2628561729366,6651302,INFY
60,2025-03-27,1557.4581298828125,1573.3866387891755,1540.4125339270274,1549.688079270318,9426573,INFY
61,2025-03-28,1525.5037841796875,1552.504639118573,1515.1598805138667,1544.2975705237486,6799047,INFY
62,2025-04-01,1482.6226806640625,1502.92196020728,1474.2212903040318,1495.0061979771754,12680733,INFY
63,2025-04-02,1505.593017578125,1510.9349273715397,1491.0726643663595,1491.0726643663595,6193478,INFY
64,2025-04-03,1453.4849853515625,1490.538435185599,1442.3641486583924,1490.538435185599,10459504,INFY
65,2025-04-04,1409.9241943359375,1429.6892358061361,1406.3790852223406,1418.5197886514006,9590254,INFY
66,2025-04-07,1356.602294921875,1365.489314158466,1269.4320382766355,1313.1385736419368,21715252,INFY
67,2025-04-08,1387.7310791015625,1414.6348317731379,1374.3276944448953,1389.8677955834949,12805001,INFY
68,2025-04-09,1363.3524169921875,1368.9371407012397,1342.1791008495861,1364.663707842691,8546854,INFY
69,2025-04-11,1368.937255859375,1397.4437254302495,1356.893771609889,1370.6855647660782,12567440,INFY
70,2025-04-15,1385.011474609375,1406.087688754894,1368.5001176189407,1404.0480742507405,10178530,INFY
71,2025-04-16,1372.4822998046875,1386.4684147056246,1356.6508927211694,1384.0402738742662,12022740,INFY
72,2025-04-17,1378.6982421875,1388.7022289531085,1338.6825322481727,1357.8162328834976,14264227,INFY
73,2025-04-21,1409.29296875,1429.4951483248678,1369.4714582615436,1369.4714582615436,15648970,INFY
74,2025-04-22,1381.903564453125,1398.6091260339042,1378.5041672717928,1398.6091260339042,9399738,INFY
75,2025-04-23,1432.505859375,1445.0350886470426,1398.2204665039803,1404.4365301839098,11136642,INFY
76,2025-04-24,1429.1065673828125,1440.2760150192205,1419.4911061400271,1427.6496829084983,7114292,INFY
77,2025-04-25,1437.653564453125,1458.535575435,1421.4336312546193,1433.0887071514799,8329979,INFY
78,2025-04-28,1439.4989013671875,1446.7833234291916,1423.1818670852326,1437.6534907325017,5886253,INFY
79,2025-04-29,1454.4564208984375,1466.4029217301106,1431.7289980215003,1439.4019470928108,8056743,INFY
80,2025-04-30,1456.9815673828125,1465.431568419441,1439.984581952398,1453.7764926957282,7704183,INFY
81,2025-05-02,1463.586181640625,1479.4175886205041,1453.1936678135066,1456.5930649551544,7402310,INFY
82,2025-05-05,1465.2373046875,1479.2234198282615,1459.6040889990923,1471.453369034679,4282493,INFY
83,2025-05-06,1468.0538330078125,1472.0359599506996,1456.0102317041706,1462.7119235923028,4270530,INFY
84,2025-05-07,1464.9459228515625,1475.1441139885928,1453.5821530190785,1456.8844481471906,5691799,INFY
85,2025-05-08,1467.9569091796875,1472.9102929808603,1458.0500230157727,1464.654613791716,8424409,INFY
86,2025-05-09,1464.2659912109375,1467.9568126185206,1451.1540310083215,1457.5642989506216,4478653,INFY
87,2025-05-12,1580.136962890625,1585.0903465111594,1487.96471253376,1492.8209942326298,11372857,INFY
88,2025-05-13,1523.5125732421875,1565.859323230766,1519.627548132014,1562.7513505672503,12846210,INFY
89,2025-05-14,1546.6285400390625,1549.1537826809642,1524.3867472838704,1528.75740058924,4870057,INFY
90,2025-05-15,1566.6363525390625,1572.0753639006625,1525.8435894847285,1544.103254657481,11151167,INFY
91,2025-05-16,1544.200439453125,1566.2479103864578,1536.0418626920532,1566.2479103864578,4576751,INFY
92,2025-05-19,1514.965576171875,1539.4411867318856,1510.9833306187809,1531.185508443418,8855798,INFY
93,2025-05-20,1515.7425537109375,1537.9843466293191,1513.2173110505078,1524.8723866170074,7143998,INFY
94,2025-05-21,1523.41552734375,1525.8436681268927,1507.4869000940212,1522.832797268108,4157309,INFY
95,2025-05-22,1503.01904296875,1515.936798484799,1495.7346211126817,1510.7890929485561,6158990,INFY
96,2025-05-23,1519.8218994140625,1541.5779455953386,1505.447258808557,1505.447258808557,5038421,INFY
97,2025-05-26,1535.070556640625,1538.275749801986,1517.782147363295,1521.5700705826603,3170102,INFY
98,2025-05-27,1524.9696044921875,1537.401733466409,1511.6634396332652,1534.487964353223,7775714,INFY
99,2025-05-28,1526.6207275390625,1542.063608140773,1524.8724187426308,1535.556238237006,3623370,INFY
100,2025-05-29,1540.0240478515625,1562.6543682753302,1531.2827406845122,1543.3263431603168,8609500,INFY
101,2025-05-30,1539.1375732421875,1548.297396005105,1531.652190030095,1547.3124739974683,13148092,INFY
102,2025-06-02,1530.371826171875,1536.4782943781508,1515.7949327230604,1536.4782943781508,4374509,INFY
103,2025-06-03,1519.734619140625,1543.6682714095227,1512.4461724234918,1535.4933708621093,6853403,INFY
104,2025-06-04,1527.8109130859375,1533.8190332918903,1518.158749909477,1519.7346010168856,4548307,INFY
105,2025-06-05,1530.8642578125,1544.0621159555858,1518.3556767230737,1524.5607331925255,6948539,INFY
106,2025-06-06,1540.2210693359375,1545.2441474823067,1519.8331118292815,1531.2581829658582,3960020,INFY
107,2025-06-09,1549.183837890625,1564.0561360451065,1547.3124620446238,1554.2069160448225,2903202,INFY
108,2025-06-10,1571.935546875,1583.2621501262925,1553.7144894707471,1560.116482612782,8591925,INFY
109,2025-06-11,1606.5062255859375,1609.9534525332194,1566.1244242034918,1566.1244242034918,10597410,INFY
110,2025-06-12,1584.345458984375,1603.452969273507,1574.0037782857437,1592.6188275892266,10483574,INFY
111,2025-06-13,1577.844970703125,1584.7394243828517,1546.5244044661895,1552.2369998927122,6968315,INFY
112,2025-06-16,1599.31640625,1610.1505483486199,1573.01891647278,1575.875214344727,5591842,INFY
113,2025-06-17,1615.173583984375,1622.5604988569514,1591.2399317053334,1596.2630097727385,7622083,INFY
114,2025-06-18,1608.2791748046875,1619.9011823893957,1596.5585788351507,1596.5585788351507,5629707,INFY
115,2025-06-19,1593.997802734375,1605.4228739879738,1587.2018168292147,1599.4148737815738,5147760,INFY
116,2025-06-20,1598.429931640625,1606.1122510729595,1584.6410236941556,1594.58871180959,9202821,INFY
117,2025-06-23,1560.116455078125,1576.8601291540897,1551.6461498856431,1576.8601291540897,7943676,INFY
118,2025-06-24,1557.7525634765625,1584.739449496533,1552.827953627288,1576.860073737694,8083992,INFY
119,2025-06-25,1590.550537109375,1595.4751470327865,1561.199813873949,1566.025955644839,7813533,INFY
120,2025-06-26,1591.6339111328125,1599.5132869304996,1582.3756205245834,1584.5425210067874,6519233,INFY
121,2025-06-27,1583.7545166015625,1605.0288069577266,1578.238977654369,1594.5886581952298,8912268,INFY
122,2025-06-30,1577.6480712890625,1590.648993297183,1570.064099926214,1590.648993297183,6294505,INFY
123,2025-07-01,1582.57275390625,1593.308307768125,1576.3676970723639,1584.7395342639384,4178937,INFY
124,2025-07-02,1586.2169189453125,1624.1364168524187,1579.2239966239758,1593.6038341220215,8653641,INFY
125,2025-07-03,1594.293212890625,1607.786716594206,1590.6490495377586,1594.0962765801005,5259695,INFY
126,2025-07-04,1615.96142578125,1618.6207872342948,1587.9897380569496,1600.4981989662078,4411273,INFY
127,2025-07-07,1602.4681396484375,1619.2118141254034,1598.5284515362102,1615.2721260131761,3294523,INFY
128,2025-07-08,1613.9915771484375,1621.378491891406,1597.0509674297891,1603.4529602070286,4590681,INFY
129,2025-07-09,1609.0670166015625,1613.3022292758048,1599.1193284889714,1613.1052929685202,4580828,INFY
130,2025-07-10,1591.43701171875,1614.1886858160015,1582.868118202301,1614.1886858160015,5330179,INFY
131,2025-07-11,1570.85205078125,1582.8680505457567,1539.433016356687,1555.2902357933656,11391755,INFY
132,2025-07-14,1546.623046875,1567.7988696310574,1536.2813659941348,1567.7988696310574,9173426,INFY
133,2025-07-15,1561.6922607421875,1579.4208563061295,1540.4179701114037,1541.5013602388092,7614807,INFY
134,2025-07-16,1583.6561279296875,1587.6942841349517,1554.6993967165145,1555.1918577227598,6223491,INFY
135,2025-07-17,1559.6240234375,1585.7244570472844,1556.2752645133157,1573.9053927711557,7374814,INFY
136,2025-07-18,1562.1846923828125,1575.1857343566385,1556.176692489401,1568.0942241264431,5161833,INFY
137,2025-07-21,1560.4119873046875,1565.041072656143,1543.1758521432762,1556.1767745731315,3682661,INFY
138,2025-07-22,1547.2139892578125,1561.889351060241,1541.4029254290974,1541.4029254290974,8473741,INFY
139,2025-07-23,1550.7596435546875,1567.897309898412,1526.629055261839,1552.5325511946266,8035026,INFY
140,2025-07-24,1529.0914306640625,1558.1466301517212,1524.8562179010848,1556.1767861186595,14169664,INFY
141,2025-07-25,1492.84619140625,1526.1366022975346,1488.512630894258,1520.12860228797,10851259,INFY
142,2025-07-28,1493.1417236328125,1496.392014262957,1460.14683725966,1491.0734115180542,6439855,INFY
143,2025-07-29,1490.8763427734375,1494.3235696797126,1473.5417400906863,1490.0884773327002,7070448,INFY
144,2025-07-30,1496.0965576171875,1498.7557989957106,1483.2925712781332,1496.9830114866083,5719051,INFY
145,2025-07-31,1486.247314453125,1504.0743788045277,1474.428250322285,1486.936711768862,6851407,INFY
146,2025-08-01,1447.4412841796875,1476.1024890867666,1443.4031282013243,1471.3749358302919,8702978,INFY
147,2025-08-04,1458.177001953125,1460.4423706154291,1429.1218033326475,1439.4634841975633,8610216,INFY
148,2025-08-05,1438.2816162109375,1456.4040844682859,1433.0614816224124,1456.4040844682859,10213323,INFY
149,2025-08-06,1415.037353515625,1434.14486387826,1408.7339490588547,1430.1067078263497,10566934,INFY
150,2025-08-07,1415.234375,1420.2574529025999,1392.876574581379,1408.4383894942564,9892020,INFY
151,2025-08-08,1401.6424560546875,1411.590144080286,1395.7329241309972,1403.5138318764698,10048009,INFY
152,2025-08-11,1406.66552734375,1411.7871937906966,1392.6796832838538,1398.4907470266712,6625368,INFY
153,2025-08-12,1402.62744140625,1419.2726477892124,1399.5742071536924,1406.6655976905836,9899184,INFY
154,2025-08-13,1405.0897216796875,1412.3781686321047,1400.953097311154,1403.5138705026145,10318063,INFY
155,2025-08-14,1425.8714599609375,1447.835267553816,1404.6956380205245,1404.6956380205245,12902347,INFY
156,2025-08-18,1414.1510009765625,1442.6151494914589,1408.0444126749926,1442.6151494914589,7254561,INFY
157,2025-08-19,1418.2877197265625,1427.5460108318366,1411.0977408332749,1411.0977408332749,3986094,INFY
158,2025-08-20,1473.6402587890625,1476.3980885005715,1418.9770874002822,1418.9770874002822,10413061,INFY
159,2025-08-21,1473.8372802734375,1485.262351237006,1461.9197483180794,1485.262351237006,6565539,INFY
160,2025-08-22,1465.0714111328125,1481.6181481033814,1463.6924963469764,1475.5115598317454,5543397,INFY
161,2025-08-25,1508.9989013671875,1515.7948868943363,1483.981859694785,1483.981859694785,10694531,INFY
162,2025-08-26,1506.53662109375,1515.2039825206518,1495.7024794249892,1500.03616013844,15994798,INFY
163,2025-08-28,1477.4814453125,1506.5366438633127,1475.413133190423,1506.5366438633127,5443364,INFY
164,2025-08-29,1447.4412841796875,1479.254311487481,1445.5699084151588,1479.254311487481,8169075,INFY
165,2025-09-01,1476.7921142578125,1480.7318023736236,1453.941851048263,1454.4343120627393,4546057,INFY
166,2025-09-02,1476.1025390625,1489.9900353122632,1463.8896025641538,1476.7920565936874,5218763,INFY
167,2025-09-03,1456.798095703125,1479.2543652339205,1450.7900955921732,1477.3829894013984,4623483,INFY
168,2025-09-04,1440.94091796875,1461.6242804276317,1438.0846200594328,1461.6242804276317,5787724,INFY
169,2025-09-05,1422.8182373046875,1450.4945202945664,1411.3931666312185,1447.835279098319,5466487,INFY
170,2025-09-08,1411.2947998046875,1436.0163186937275,1406.7641825159365,1429.1218644887508,3811567,INFY
171,2025-09-09,1481.6181640625,1484.474341584966,1450.297597398603,1458.6694341238242,13072640,INFY
172,2025-09-10,1509.491455078125,1511.756823802922,1486.5428442826578,1487.330709756259,7281071,INFY
173,2025-09-11,1486.9366455078125,1504.4683046125388,1483.7849433052634,1500.922609577238,8003662,INFY
174,2025-09-12,1502.596923828125,1519.6361218926327,1498.1647749913177,1513.8250582606502,12856963,INFY
175,2025-09-15,1485.6563720703125,1504.4683582651935,1478.5648615170796,1502.5969824151846,6167414,INFY
176,2025-09-16,1488.5126953125,1491.1719366717366,1480.8302554728903,1485.656397411633,8923112,INFY
177,2025-09-17,1499.4453125,1503.680405062861,1491.1719434573272,1494.028241371192,4795698,INFY
178,2025-09-18,1517.370849609375,1531.5537508334592,1515.302537400178,1526.6291407021617,9331945,INFY
179,2025-09-19,1516.976806640625,1527.9095369547413,1497.179898612735,1521.3104874589542,12988129,INFY
180,2025-09-22,1476.8905029296875,1491.8612688721596,1459.6543683506482,1460.3437656419162,15655204,INFY
181,2025-09-23,1474.920654296875,1490.186944875574,1470.4885054191882,1470.4885054191882,9832164,INFY
182,2025-09-24,1472.0643310546875,1474.1326431158677,1460.3437357350242,1464.7758845360097,4937004,INFY
183,2025-09-25,1462.4122314453125,1480.04223903444,1454.2373307659764,1466.5488557470633,9491867,INFY
184,2025-09-26,1427.053466796875,1456.404069373631,1419.4694954878144,1452.7599061754568,8597058,INFY
185,2025-09-29,1420.060546875,1442.9106885263222,1414.8404123331482,1437.9860786678707,10513117,INFY
186,2025-09-30,1420.060546875,1430.303639196793,1416.416263441906,1421.2424051491353,7556305,INFY
187,2025-10-01,1424.000244140625,1427.6444073679875,1405.877655696216,1424.197180444367,6250692,INFY
188,2025-10-03,1424.7880859375,1426.4625254104503,1411.5901076030302,1417.3027030735375,6877533,INFY
189,2025-10-06,1453.744873046875,1456.5027027407555,1420.5530497148675,1424.7881421800753,4630590,INFY
190,2025-10-07,1436.5086669921875,1460.5407866669368,1432.0765182081868,1455.4191203786977,5570320,INFY
191,2025-10-08,1472.4583740234375,1475.4131399913774,1433.061494450904,1435.0313384295307,4657192,INFY
192,2025-10-09,1486.5428466796875,1491.171932062491,1464.5790376333712,1479.352867871771,7028753,INFY
193,2025-10-10,1492.058349609375,1498.755747016607,1476.2011295853695,1487.2322078030077,3738353,INFY
194,2025-10-13,1470.6854248046875,1482.0120273618204,1461.0332617199265,1474.4281763502415,5859355,INFY
195,2025-10-14,1467.435302734375,1491.5658915845438,1464.0865439092208,1476.3980688327763,5600789,INFY
196,2025-10-15,1452.1690673828125,1466.1549121391147,1445.373081319078,1461.5258266826634,6986098,INFY
197,2025-10-16,1449.312744140625,1452.267510183725,1438.478601982591,1451.6765810210527,8005748,INFY
198,2025-10-17,1419.37109375,1436.410292725158,1412.3781714796953,1432.9630656678505,16959378,INFY
199,2025-10-20,1438.87255859375,1444.8805586841174,1428.136884861602,1431.781048131079,6994246,INFY
200,2025-10-21,1450.19921875,1463.5941342911037,1447.8353818357486,1455.7147580634262,1698704,INFY
201,2025-10-23,1505.4532470703125,1522.6893817276436,1483.292502510887,1487.2321904325627,20358624,INFY
202,2025-10-24,1502.4000244140625,1519.7346273554492,1495.111577657532,1516.2874003977408,8652257,INFY
203,2025-10-27,1504.5,1515.300048828125,1498.0999755859375,1510.0,7273211,INFY
204,2025-10-28,1500.199951171875,1506.5,1490.5,1499.699951171875,8211019,INFY
205,2025-10-29,1510.4000244140625,1520.199951171875,1496.9000244140625,1500.199951171875,4884976,INFY
206,2025-10-30,1493.800048828125,1508.199951171875,1489.0999755859375,1507.0,5608867,INFY
207,2025-10-31,1482.300048828125,1497.0999755859375,1480.699951171875,1490.0,4819814,INFY
208,2025-11-03,1485.5,1491.4000244140625,1474.199951171875,1482.300048828125,5470600,INFY
209,2025-11-04,1467.9000244140625,1481.9000244140625,1462.9000244140625,1479.699951171875,8691330,INFY
210,2025-11-06,1466.699951171875,1483.0,1461.9000244140625,1478.5999755859375,7944752,INFY
211,2025-11-07,1476.800048828125,1480.9000244140625,1449.0999755859375,1470.0,8765759,INFY
212,2025-11-10,1513.5,1520.0,1490.0,1490.0999755859375,9787975,INFY
213,2025-11-11,1530.300048828125,1533.4000244140625,1511.0999755859375,1525.0,13692989,INFY
214,2025-11-12,1551.699951171875,1559.199951171875,1538.0999755859375,1540.0,14635417,INFY
215,2025-11-13,1541.800048828125,1557.5,1530.300048828125,1557.0999755859375,19655689,INFY
216,2025-11-14,1502.800048828125,1530.0,1488.800048828125,1520.0,9739549,INFY
217,2025-11-17,1507.5999755859375,1510.199951171875,1492.5,1496.0,7910354,INFY
218,2025-11-18,1486.4000244140625,1506.0,1483.199951171875,1506.0,7525119,INFY
219,2025-11-19,1541.0999755859375,1543.0,1490.5,1490.5,10981126,INFY
220,2025-11-20,1536.5,1555.0,1534.0,1555.0,7387584,INFY
221,2025-11-21,1545.0,1551.5,1526.300048828125,1531.0,9186302,INFY
222,2025-11-24,1548.0,1585.0,1541.0,1563.5999755859375,19270381,INFY
223,2025-11-25,1530.5999755859375,1550.5999755859375,1525.9000244140625,1549.0,8107952,INFY
224,2025-11-26,1557.9000244140625,1560.300048828125,1532.0999755859375,1532.0999755859375,7575038,INFY
225,2025-11-27,1566.4000244140625,1574.300048828125,1552.199951171875,1564.0,7552252,INFY
226,2025-11-28,1560.0999755859375,1568.4000244140625,1557.0,1565.0,4453221,INFY
227,2025-12-01,1564.0,1574.0,1556.0,1562.5,5341800,INFY
228,2025-12-02,1561.0,1579.9000244140625,1556.0999755859375,1567.0,6335969,INFY
229,2025-12-03,1578.699951171875,1586.0,1554.0999755859375,1555.0999755859375,12895312,INFY
230,2025-12-04,1597.5999755859375,1599.0,1568.0,1568.0,12609619,INFY
231,2025-12-05,1616.199951171875,1631.800048828125,1600.0,1610.0,10344725,INFY
232,2025-12-08,1610.800048828125,1630.0,1600.199951171875,1617.0999755859375,7550413,INFY
233,2025-12-09,1599.0,1606.9000244140625,1582.4000244140625,1601.199951171875,6957599,INFY
234,2025-12-10,1584.800048828125,1608.0,1582.800048828125,1608.0,5116140,INFY
235,2025-12-11,1598.0,1607.4000244140625,1580.5,1598.0,5159319,INFY
236,2025-12-12,1598.199951171875,1601.800048828125,1582.5999755859375,1601.4000244140625,4633912,INFY
237,2025-12-15,1606.800048828125,1610.800048828125,1585.0,1585.0,4190558,INFY
238,2025-12-16,1592.9000244140625,1603.0,1585.5999755859375,1600.0,5499258,INFY
239,2025-12-17,1602.0,1606.9000244140625,1586.0,1587.199951171875,4817628,INFY
240,2025-12-18,1626.800048828125,1630.0,1606.699951171875,1610.5,6577293,INFY
241,2025-12-19,1638.699951171875,1654.9000244140625,1629.800048828125,1650.0,13149023,INFY
242,2025-12-22,1689.5999755859375,1693.199951171875,1664.0,1664.0,23098923,INFY
243,2025-12-23,1668.300048828125,1679.0,1656.4000244140625,1679.0,6593060,INFY
244,2025-12-24,1663.4000244140625,1667.5999755859375,1652.5,1661.0,4271167,INFY
245,2025-12-26,1656.0999755859375,1668.800048828125,1651.699951171875,1663.4000244140625,2006491,INFY
246,2025-12-29,1644.699951171875,1673.0999755859375,1637.0999755859375,1658.0,4062817,INFY
247,2025-12-30,1621.5999755859375,1647.9000244140625,1616.800048828125,1647.0,9395937,INFY
248,2025-12-31,1615.4000244140625,1628.5999755859375,1609.199951171875,1621.0,6538656,INFY
249,2026-01-01,1629.800048828125,1639.5999755859375,1614.0999755859375,1615.4000244140625,3658165,INFY
250,2026-01-02,1640.4000244140625,1643.5,1627.5,1635.9000244140625,2524526,INFY
251,2026-01-05,1606.4000244140625,1637.0,1583.0999755859375,1637.0,5917885,INFY
252,2026-01-06,1612.199951171875,1619.9000244140625,1599.0,1600.0999755859375,4466729,INFY
253,2026-01-07,1639.0,1642.0,1615.0,1615.0,4508079,INFY
254,2026-01-08,1613.300048828125,1644.300048828125,1608.5999755859375,1638.9000244140625,3942131,INFY
255,2026-01-09,1614.0999755859375,1631.300048828125,1607.0,1610.0,6816681,INFY
256,2026-01-12,1595.9000244140625,1613.300048828125,1592.5999755859375,1610.0999755859375,6985362,INFY
257,2026-01-13,1599.0,1618.0,1586.4000244140625,1618.0,8080618,INFY
258,2026-01-14,1599.800048828125,1617.0,1583.0999755859375,1588.0,7557157,INFY
259,2026-01-15,1599.800048828125,1599.800048828125,1599.800048828125,1599.800048828125,0,INFY
260,2026-01-16,1689.800048828125,1694.0,1653.4000244140625,1663.699951171875,19335957,INFY
261,2026-01-19,1681.199951171875,1685.0,1666.5,1685.0,5104958,INFY
262,2026-01-20,1658.9000244140625,1680.199951171875,1652.9000244140625,1673.0,6406503,INFY
263,2026-01-21,1654.4000244140625,1657.0,1631.199951171875,1651.0,6224582,INFY
264,2026-01-22,1663.5,1671.199951171875,1653.800048828125,1666.0,6228892,INFY
265,2026-01-23,1670.800048828125,1675.699951171875,1662.199951171875,1667.199951171875,5869137,INFY
266,2026-01-27,1682.699951171875,1689.4000244140625,1661.0999755859375,1685.800048828125,10673087,INFY
267,2026-01-28,1666.5,1688.800048828125,1650.0,1680.0,8588664,INFY
268,2026-01-29,1659.5,1666.5,1642.0999755859375,1658.0,4749582,INFY
269,2026-01-30,1641.0,1655.0,1618.0999755859375,1655.0,9207926,INFY
270,2026-02-02,1629.4000244140625,1662.0,1618.0,1662.0,6784887,INFY
271,2026-02-03,1656.0,1728.0,1653.0,1727.199951171875,8805868,INFY
272,2026-02-04,1535.800048828125,1584.9000244140625,1510.0999755859375,1574.0,28828622,INFY
0,2025-01-01,1828.66357421875,1852.5745501977226,1824.7900661618437,1833.8762370338534,880695,HCLTECH
1,2025-01-02,1886.2890625,1890.210556038001,1826.8464684786386,1828.6636092856363,3487645,HCLTECH
2,2025-01-03,1861.8519287109375,1905.3220328323212,1856.448025225126,1893.749144742787,2853344,HCLTECH
3,2025-01-06,1867.97314453125,1887.4366538812571,1845.9271799555308,1866.2515077141086,1789037,HCLTECH
4,2025-01-07,1832.4415283203125,1894.705684714795,1825.7464552294475,1874.6204654422002,2494547,HCLTECH
5,2025-01-08,1848.079345703125,1854.0570897376158,1812.0216403882027,1823.2597991730452,2372138,HCLTECH
6,2025-01-09,1850.518310546875,1859.7478539267786,1836.3629659829644,1842.8667981886126,2742139,HCLTECH
7,2025-01-10,1908.1915283203125,1915.125711443772,1850.9486744379037,1851.6660037265374,4802079,HCLTECH
8,2025-01-13,1902.7398681640625,1924.5466084379739,1879.7853309792208,1908.0002829355888,5694121,HCLTECH
9,2025-01-14,1734.5499267578125,1854.5351478756718,1719.4381444525472,1851.7614515344771,15819311,HCLTECH
10,2025-01-15,1746.1707763671875,1763.243307295743,1733.5936959055268,1756.0221455624828,3350594,HCLTECH
11,2025-01-16,1714.177734375,1757.8869483579,1707.5305302718773,1753.1526221840563,5362008,HCLTECH
12,2025-01-17,1728.3319091796875,1732.3896594889736,1690.7973060382847,1712.9702236877545,2424374,HCLTECH
13,2025-01-20,1735.3846435546875,1738.0898890004191,1702.9222878923313,1729.49119948072,3401004,HCLTECH
14,2025-01-21,1741.374755859375,1759.1034419574432,1730.747191470232,1730.747191470232,4005357,HCLTECH
15,2025-01-22,1765.818115234375,1769.4411486145987,1742.9689457329252,1746.9783416572118,3009261,HCLTECH
16,2025-01-23,1745.8189697265625,1767.0257440156777,1743.1137243694504,1755.528746091155,3750930,HCLTECH
17,2025-01-24,1732.1480712890625,1767.4606169260542,1730.4573223886894,1739.0560118123294,3171259,HCLTECH
18,2025-01-27,1653.987060546875,1719.49154763156,1649.494593752443,1714.9023722691495,4174844,HCLTECH
19,2025-01-28,1635.9202880859375,1671.909085210521,1633.746468125392,1653.9871001386684,5079829,HCLTECH
20,2025-01-29,1660.7984619140625,1665.7257636062814,1638.577191044939,1638.577191044939,3733620,HCLTECH
21,2025-01-30,1655.0982666015625,1674.276166696466,1640.3645972738043,1663.6969562229247,2543744,HCLTECH
22,2025-01-31,1667.030029296875,1679.3483424760545,1651.1853914005399,1651.1853914005399,2033832,HCLTECH
23,2025-02-01,1636.6448974609375,1673.309947014858,1630.8480442231773,1667.5614480623249,569018,HCLTECH
24,2025-02-03,1634.712646484375,1643.0214460409877,1605.2453085897098,1608.626806380901,2659929,HCLTECH
25,2025-02-04,1673.8896484375,1677.1262010898242,1634.7608909118096,1637.707553740885,3647768,HCLTECH
26,2025-02-05,1654.8568115234375,1687.657413302548,1652.1033295616267,1671.4261755214118,2681942,HCLTECH
27,2025-02-06,1665.1461181640625,1669.9284749838764,1654.856679921284,1665.4842443540108,2057798,HCLTECH
28,2025-02-07,1667.2232666015625,1672.3921036464053,1643.0697122450285,1664.807911165909,2428098,HCLTECH
29,2025-02-10,1675.1456298828125,1681.0874280002695,1654.1320370328092,1665.580798515355,1823071,HCLTECH
30,2025-02-11,1664.856201171875,1689.7827172461298,1656.9338822625002,1683.792682747557,1702553,HCLTECH
31,2025-02-12,1659.1561279296875,1683.4062747416624,1641.620622559374,1665.5326431723597,2214307,HCLTECH
32,2025-02-13,1645.4368896484375,1671.377786218565,1642.6834077443082,1654.0355795078697,1838463,HCLTECH
33,2025-02-14,1653.3109130859375,1665.049564924085,1642.3934585667596,1653.0693775252237,1460459,HCLTECH
34,2025-02-17,1652.0067138671875,1661.9096722714025,1636.7416186155301,1653.3109823622358,1127023,HCLTECH
35,2025-02-18,1667.078369140625,1669.9767957459114,1643.6494207478922,1648.2385962062626,1511900,HCLTECH
36,2025-02-19,1654.3253173828125,1672.9717908679559,1645.7748646604261,1664.8561728929824,1294110,HCLTECH
37,2025-02-20,1630.413330078125,1656.49916969081,1626.548761246616,1647.465645697333,1681532,HCLTECH
38,2025-02-21,1643.117919921875,1646.4511811272835,1628.0944801366097,1632.7802460125636,1222563,HCLTECH
39,2025-02-24,1588.3861083984375,1632.7802946794557,1582.154420535075,1627.9495837484515,4455420,HCLTECH
40,2025-02-25,1580.705322265625,1596.0186534436289,1576.0195559090769,1580.608731627433,1951519,HCLTECH
41,2025-02-27,1574.038818359375,1603.7960451675156,1560.5128276169983,1565.1503573321536,2266866,HCLTECH
42,2025-02-28,1521.7222900390625,1560.2712687283688,1509.5488042031996,1557.4211964680562,4910121,HCLTECH
43,2025-03-03,1519.1619873046875,1549.112394882425,1515.345654931609,1521.7222876689495,1784684,HCLTECH
44,2025-03-04,1483.5113525390625,1507.181836509891,1471.4345750029256,1507.181836509891,3246644,HCLTECH
45,2025-03-05,1519.693359375,1527.85733190497,1479.2120946641812,1480.129882599235,3112003,HCLTECH
46,2025-03-06,1531.7701416015625,1540.7069571720203,1521.8189474584497,1526.5047136565845,2011489,HCLTECH
47,2025-03-07,1505.2012939453125,1533.267773906609,1502.9308832109803,1529.0650786430938,2091986,HCLTECH
48,2025-03-10,1496.84423828125,1519.210337066457,1494.6220639266126,1504.2834864471465,1855766,HCLTECH
49,2025-03-11,1514.76611328125,1520.6595574585015,1471.0481761741867,1478.1492981720755,1846190,HCLTECH
50,2025-03-12,1488.438720703125,1512.0126150946132,1456.0729554598856,1503.3173348800117,3113860,HCLTECH
51,2025-03-13,1482.786865234375,1495.5398961640974,1477.3764920501683,1488.4387739887454,1983351,HCLTECH
52,2025-03-17,1492.834716796875,1495.153481777532,1467.618427733285,1476.2653536705113,2029100,HCLTECH
53,2025-03-18,1492.834716796875,1492.834716796875,1492.834716796875,1492.834716796875,0,HCLTECH
54,2025-03-19,1492.1583251953125,1508.4861525271813,1473.4634965665346,1505.7326707494562,4522829,HCLTECH
55,2025-03-20,1509.1141357421875,1528.5335706236285,1494.6703568419748,1495.4431998495122,4608677,HCLTECH
56,2025-03-21,1513.6549072265625,1538.1467058554922,1469.9853278367539,1483.1248379059398,8109210,HCLTECH
57,2025-03-24,1549.8370361328125,1556.358495992976,1507.18183434888,1537.1322425955566,2487843,HCLTECH
58,2025-03-25,1569.884521484375,1602.7815934097953,1564.1359044960918,1567.082685450675,4906013,HCLTECH
59,2025-03-26,1578.0966796875,1589.2555512405208,1567.082635113427,1569.8844710571277,3096513,HCLTECH
60,2025-03-27,1574.956787109375,1589.3039757038034,1558.9188496046233,1570.6091470542583,3383080,HCLTECH
61,2025-03-28,1538.58154296875,1570.5125917104574,1528.050568788916,1561.3824766271716,2211077,HCLTECH
62,2025-04-01,1478.53564453125,1531.3353376470402,1474.4295403135845,1523.6062002961403,4126827,HCLTECH
63,2025-04-02,1475.83056640625,1486.4581306179255,1455.3966352663454,1463.7054346080174,3167863,HCLTECH
64,2025-04-03,1420.32568359375,1449.2133601604044,1415.3983817566616,1449.2133601604044,3966161,HCLTECH
65,2025-04-04,1373.9508056640625,1406.8962312556212,1371.052379050073,1399.9400545569586,4421312,HCLTECH
66,2025-04-07,1327.5760498046875,1336.8993461584896,1258.6418234565292,1299.461333754774,6484139,HCLTECH
67,2025-04-08,1355.835693359375,1376.0280898289989,1325.5471576235818,1333.2762955689088,3938359,HCLTECH
68,2025-04-09,1333.2762451171875,1341.681635139753,1311.1033286504771,1333.904261138938,3306801,HCLTECH
69,2025-04-11,1343.46923828125,1376.7527937337913,1313.9535434933027,1313.9535434933027,4859622,HCLTECH
70,2025-04-15,1378.2020263671875,1380.4242008892102,1358.3961087082128,1371.9221012558053,3265147,HCLTECH
71,2025-04-16,1383.225830078125,1387.4768796206802,1357.9129499749583,1367.0913014689193,2553111,HCLTECH
72,2025-04-17,1389.3123779296875,1393.273537060948,1337.1407030978355,1371.9218196524034,3549969,HCLTECH
73,2025-04-21,1431.82275390625,1448.24717146118,1381.5833590323464,1386.4140700779142,2840104,HCLTECH
74,2025-04-22,1429.7939453125,1449.1167903929115,1414.9153310131258,1439.5519584906503,2608145,HCLTECH
75,2025-04-23,1540.03076171875,1545.8276152760352,1491.4337588885946,1502.3512135963967,13293318,HCLTECH
76,2025-04-24,1532.9779052734375,1549.0159614375018,1522.7368207144577,1540.9969333554695,3193118,HCLTECH
77,2025-04-25,1524.765625,1563.2181330496833,1515.0076120338092,1536.1661505247198,3800415,HCLTECH
78,2025-04-28,1514.11328125,1533.7567583224293,1502.1902887075348,1529.45666460708,2618810,HCLTECH
79,2025-04-29,1533.36572265625,1544.8977751729592,1512.9403682654263,1519.6836830659456,2231069,HCLTECH
80,2025-04-30,1531.8997802734375,1551.836490268637,1518.7063850366328,1535.3202901496463,3682256,HCLTECH
81,2025-05-02,1536.6885986328125,1545.0932566245697,1521.7360355269539,1531.4112164014552,1370848,HCLTECH
82,2025-05-05,1532.9749755859375,1561.4140518690672,1527.795417241797,1544.116090223083,1012225,HCLTECH
83,2025-05-06,1543.2364501953125,1547.8297783303724,1529.5544093893036,1540.988757927368,2055057,HCLTECH
84,2025-05-07,1527.7952880859375,1542.5523218157716,1509.9108593146914,1516.7518793892564,5469936,HCLTECH
85,2025-05-08,1544.800048828125,1561.7071893987334,1520.465658023644,1526.4270946492481,2789018,HCLTECH
86,2025-05-09,1533.7567138671875,1541.8681374630637,1521.9315459661677,1530.4339088517308,2035161,HCLTECH
87,2025-05-12,1632.3651123046875,1636.9583207691708,1557.7979482424228,1562.4889810002123,4028207,HCLTECH
88,2025-05-13,1582.816650390625,1649.7609219305975,1578.516556534311,1646.7313510197612,3118470,HCLTECH
89,2025-05-14,1600.5054931640625,1605.0011161642653,1580.2756668548495,1592.980418660114,1569126,HCLTECH
90,2025-05-15,1657.4814453125,1663.9315261339664,1588.0939555617997,1612.5261702627506,4961582,HCLTECH
91,2025-05-16,1622.201416015625,1655.0382900272623,1620.3445437645119,1653.4746520834565,2586263,HCLTECH
92,2025-05-19,1612.13525390625,1626.2082336338199,1600.896434983901,1623.2763678279898,1642018,HCLTECH
93,2025-05-20,1601.0919189453125,1628.1627647334162,1599.2350467946155,1623.080911866382,2421580,HCLTECH
94,2025-05-21,1614.480712890625,1619.8558000098128,1591.4167265660574,1607.6396929207494,1420835,HCLTECH
95,2025-05-22,1595.912353515625,1603.4374283451793,1577.3438693044818,1601.1897360457465,2202093,HCLTECH
96,2025-05-23,1610.7669677734375,1632.8537848172423,1585.6506993306352,1595.9122292800785,1459454,HCLTECH
97,2025-05-26,1635.5902099609375,1637.74031650289,1608.2261286111677,1614.871738943854,1078813,HCLTECH
98,2025-05-27,1614.5784912109375,1637.447068579784,1604.2192557885498,1635.7857256593927,2740015,HCLTECH
99,2025-05-28,1619.660400390625,1628.9446418377852,1609.5942803655878,1626.2081861131378,1775441,HCLTECH
100,2025-05-29,1626.8922119140625,1637.4469760410148,1617.9989099115317,1632.0718889814948,2374051,HCLTECH
101,2025-05-30,1599.4305419921875,1626.8923285324765,1590.3418293460747,1626.8923285324765,4408910,HCLTECH
102,2025-06-02,1594.4464111328125,1598.06233137024,1569.2323165811392,1588.1917399969473,1883100,HCLTECH
103,2025-06-03,1593.3714599609375,1614.1876369033746,1580.2757680175937,1609.4967228998926,2380133,HCLTECH
104,2025-06-04,1589.1689453125,1607.2487841475554,1585.3574959687687,1593.9576832419102,1659720,HCLTECH
105,2025-06-05,1595.3260498046875,1616.337756223347,1587.7031504545587,1597.7692714812758,1409322,HCLTECH
106,2025-06-06,1600.5054931640625,1602.557894663253,1585.1621098568744,1594.1531172614302,1261281,HCLTECH
107,2025-06-09,1610.86474609375,1620.3443972001812,1601.7759149644735,1610.5715118129667,1299786,HCLTECH
108,2025-06-10,1630.215087890625,1646.6335840705608,1611.5488995120772,1615.751288206324,3055223,HCLTECH
109,2025-06-11,1682.7933349609375,1686.2138452047698,1628.1628760641452,1637.9357624750944,5085821,HCLTECH
110,2025-06-12,1662.5633544921875,1686.8001600145808,1656.504212760553,1685.822871393483,3607962,HCLTECH
111,2025-06-13,1656.7974853515625,1672.140869338182,1626.7946524117979,1628.1628803725373,1988422,HCLTECH
112,2025-06-16,1683.8681640625,1690.1228346139003,1645.1675615164684,1653.5722191490133,2116100,HCLTECH
113,2025-06-17,1690.318359375,1699.309486183727,1680.9364125598327,1688.75472145546,1777245,HCLTECH
114,2025-06-18,1676.9295654296875,1705.368640386869,1671.1635387172182,1688.657028859282,1794428,HCLTECH
115,2025-06-19,1674.9749755859375,1680.6431779554941,1658.6541841904886,1680.6431779554941,2514527,HCLTECH
116,2025-06-20,1700.384521484375,1703.023153082168,1670.283983779087,1674.9750169506406,2719770,HCLTECH
117,2025-06-23,1664.517822265625,1690.5137933155127,1660.608668038324,1689.927324743082,2221446,HCLTECH
118,2025-06-24,1653.376953125,1693.250257678503,1650.8359072468563,1680.8387397878778,3601071,HCLTECH
119,2025-06-25,1678.1021728515625,1681.6203878296467,1662.3678507982415,1663.3451393642604,1307518,HCLTECH
120,2025-06-26,1684.9432373046875,1687.679693080965,1664.0292375800627,1671.1634920195497,2971055,HCLTECH
121,2025-06-27,1684.16162109375,1712.6984026802909,1671.9455126580847,1695.5958508703593,6478283,HCLTECH
122,2025-06-30,1689.341064453125,1695.4003254033596,1674.3886203248433,1685.8228493228191,1855229,HCLTECH
123,2025-07-01,1679.2750244140625,1705.368581931321,1675.072635776667,1689.3410252673389,1639826,HCLTECH
124,2025-07-02,1679.568115234375,1699.01618166813,1672.140745950055,1682.890920237285,2069447,HCLTECH
125,2025-07-03,1673.0205078125,1691.1980533211731,1667.7431251040634,1677.0273675233361,1839063,HCLTECH
126,2025-07-04,1686.702392578125,1689.7319633318016,1667.449735876389,1676.0499231428803,768500,HCLTECH
127,2025-07-07,1671.554443359375,1686.3114773426612,1664.615718167014,1686.3114773426612,1366412,HCLTECH
128,2025-07-08,1669.306640625,1679.8614052673206,1649.1745192422793,1661.390626792222,2139193,HCLTECH
129,2025-07-09,1635.981201171875,1675.365981511852,1633.0493352199542,1671.163592594926,2894808,HCLTECH
130,2025-07-10,1625.9149169921875,1641.7470631206315,1611.5488229903374,1636.958325354042,2740853,HCLTECH
131,2025-07-11,1601.0919189453125,1617.9012347035837,1592.980376059705,1605.880537520897,2548153,HCLTECH
132,2025-07-14,1583.0120849609375,1605.0987829445833,1570.5027434544527,1602.753266499877,3334703,HCLTECH
133,2025-07-15,1530.824951171875,1584.575826428627,1514.7973935993668,1553.8889392406409,14685607,HCLTECH
134,2025-07-16,1527.306640625,1538.2522250024176,1524.5701848816846,1530.8248556536041,5218099,HCLTECH
135,2025-07-17,1508.8359375,1531.215870953708,1507.3700045571536,1528.0884757635454,4966082,HCLTECH
136,2025-07-18,1525.4814453125,1526.6633301202655,1506.9644484412943,1520.7536656165742,3902458,HCLTECH
137,2025-07-21,1507.3585205078125,1527.352814206147,1503.0247422895857,1525.4815165452098,3368842,HCLTECH
138,2025-07-22,1497.2135009765625,1516.6169718680485,1495.4406737376653,1510.0177742647013,3218227,HCLTECH
139,2025-07-23,1506.767578125,1512.874183637855,1495.1451892983487,1501.153324444694,3471536,HCLTECH
140,2025-07-24,1484.5076904296875,1514.7455462558817,1478.9920275496038,1506.9644638665545,4654421,HCLTECH
141,2025-07-25,1467.6651611328125,1489.4324014259423,1464.2178568256334,1478.4995460982325,2733655,HCLTECH
142,2025-07-28,1444.0264892578125,1471.703393813639,1441.465658700526,1467.6651471387913,4404841,HCLTECH
143,2025-07-29,1450.231689453125,1455.2548802216168,1439.0033028790403,1444.0264936475323,6223556,HCLTECH
144,2025-07-30,1454.2698974609375,1461.952509184248,1446.6858763290873,1458.209673681624,1642426,HCLTECH
145,2025-07-31,1445.7994384765625,1460.3765387150347,1437.5258841615207,1442.9430765992654,2306285,HCLTECH
146,2025-08-01,1430.2373046875,1444.8145254719295,1428.1689461223614,1442.943107633972,2152783,HCLTECH
147,2025-08-04,1452.2015380859375,1453.186482140495,1418.9103809489254,1430.2372375763357,2384774,HCLTECH
148,2025-08-05,1460.3765869140625,1463.036008156187,1449.0497296249407,1457.6188155396505,2614394,HCLTECH
149,2025-08-06,1441.170166015625,1461.361520163538,1434.4726182426073,1458.6037488096254,1735697,HCLTECH
150,2025-08-07,1453.2850341796875,1456.9292792933993,1429.1539034867683,1436.0485122561738,1495363,HCLTECH
151,2025-08-08,1453.48193359375,1459.8840701262184,1437.0334155186883,1452.595580105969,2815614,HCLTECH
152,2025-08-11,1465.5968017578125,1507.9493975075343,1443.5340301579827,1452.7925286241757,2374556,HCLTECH
153,2025-08-12,1476.5296630859375,1487.1671073639752,1466.5817518112065,1467.566695902416,3422656,HCLTECH
154,2025-08-13,1478.49951171875,1484.8031777803567,1466.5817125803987,1477.416097293887,2916128,HCLTECH
155,2025-08-14,1467.3697509765625,1493.3721787241154,1463.429974623002,1478.4010766735587,4227538,HCLTECH
156,2025-08-18,1462.6419677734375,1479.287546874046,1453.6790006369354,1475.5447112541108,2795155,HCLTECH
157,2025-08-19,1453.8759765625,1460.2781132767866,1447.0798381577704,1454.0730375239393,2515817,HCLTECH
158,2025-08-20,1473.4764404296875,1477.711748344754,1436.048562932142,1445.8980043788645,10219330,HCLTECH
159,2025-08-21,1471.0140380859375,1482.340895426405,1463.7254275768885,1477.416174843593,2157601,HCLTECH
160,2025-08-22,1444.2236328125,1469.0441769141178,1441.9582132097007,1467.1727590116886,2802805,HCLTECH
161,2025-08-25,1481.5528564453125,1486.9700489562556,1453.9744218441479,1457.7172574901363,2764914,HCLTECH
162,2025-08-26,1470.3245849609375,1483.8182708946867,1462.6419729695385,1479.2875521292813,4092265,HCLTECH
163,2025-08-28,1427.9720458984375,1465.5968635222293,1424.22921011636,1465.5968635222293,4367902,HCLTECH
164,2025-08-29,1432.896728515625,1440.5792203762308,1417.5315043295445,1427.9720080027619,3404604,HCLTECH
165,2025-09-01,1446.2919921875,1450.3302390953695,1424.229219512329,1424.229219512329,2105254,HCLTECH
166,2025-09-02,1443.632568359375,1455.1564868606395,1437.7229035584512,1446.8829320928585,1295198,HCLTECH
167,2025-09-03,1444.0264892578125,1452.7925156018284,1430.7297441997619,1452.7925156018284,1800307,HCLTECH
168,2025-09-04,1421.56982421875,1443.8295361526164,1419.205934404439,1443.0415328037025,2192155,HCLTECH
169,2025-09-05,1397.6356201171875,1430.4343053841567,1381.679574449836,1426.1989978362844,3895199,HCLTECH
170,2025-09-08,1381.8765869140625,1407.0911320942328,1379.90669869323,1402.4619428682502,2929976,HCLTECH
171,2025-09-09,1405.6136474609375,1410.2429566938608,1387.8846543370264,1388.9680687592238,2906889,HCLTECH
172,2025-09-10,1441.8597412109375,1449.7392942796687,1410.5384696697556,1413.2963613367867,3205017,HCLTECH
173,2025-09-11,1445.6024169921875,1448.2618382191527,1436.3440385771949,1441.859701527013,1982922,HCLTECH
174,2025-09-12,1445.10986328125,1457.7171952248143,1440.9731463607454,1452.7924749706763,2110883,HCLTECH
175,2025-09-15,1444.4205322265625,1446.1934797112908,1430.1388426818744,1445.1099450081597,1725617,HCLTECH
176,2025-09-16,1460.7706298828125,1462.8389885301765,1439.1018588043655,1441.8597504891434,1724524,HCLTECH
177,2025-09-17,1459.1947021484375,1476.4312241110413,1453.0880967460891,1468.3547304843955,2656774,HCLTECH
178,2025-09-18,1471.3094482421875,1480.2724149182607,1463.7253070297977,1470.1274432601965,2792406,HCLTECH
179,2025-09-19,1445.3070068359375,1471.3095553104206,1441.958172825239,1471.3095553104206,3197957,HCLTECH
180,2025-09-22,1418.2210693359375,1427.3809775570503,1393.6959365821042,1401.5754895804482,4457129,HCLTECH
181,2025-09-23,1408.2730712890625,1422.4561696296425,1399.0145730377624,1422.4561696296425,3106480,HCLTECH
182,2025-09-24,1420.5848388671875,1422.948608380378,1398.620538653115,1403.6437292172852,2894044,HCLTECH
183,2025-09-25,1402.363525390625,1420.7819328570436,1394.6809129466715,1418.5165132246768,2713246,HCLTECH
184,2025-09-26,1374.2926025390625,1405.0228115224993,1371.0422387937742,1398.6206746315802,2568054,HCLTECH
185,2025-09-29,1366.5113525390625,1381.4824534968982,1362.1775748199761,1376.0652614061464,2990852,HCLTECH
186,2025-09-30,1364.24609375,1383.8465060313804,1361.0943206192737,1371.1407026768466,2782077,HCLTECH
187,2025-10-01,1368.579833984375,1375.7699740443054,1361.192753196406,1365.2309999806755,2253527,HCLTECH
188,2025-10-03,1372.5196533203125,1378.724849469203,1359.6169091870397,1375.474485727891,2793839,HCLTECH
189,2025-10-06,1396.3551025390625,1399.6054659294057,1369.8602043312653,1372.519505117964,1970901,HCLTECH
190,2025-10-07,1411.8189697265625,1420.190995007908,1395.8628023450046,1400.590582361564,1592836,HCLTECH
191,2025-10-08,1431.3206787109375,1436.737871112136,1405.7121328143633,1411.6217972520342,1735807,HCLTECH
192,2025-10-09,1464.119384765625,1468.6501035176059,1430.6312858204308,1431.320698588094,2681316,HCLTECH
193,2025-10-10,1472.98388671875,1475.938718988998,1451.7091184194492,1468.5516383133775,2129445,HCLTECH
194,2025-10-13,1472.1959228515625,1479.5830037253727,1454.269988024091,1467.5667335969492,1820492,HCLTECH
195,2025-10-14,1472.885498046875,1511.889262130931,1467.7637163549157,1492.5843809410892,5802489,HCLTECH
196,2025-10-15,1473.1807861328125,1486.6745919280122,1463.7253471796544,1475.3477352096886,1710696,HCLTECH
197,2025-10-16,1492.1903076171875,1497.016557741116,1475.446257960757,1477.3176757923743,2021043,HCLTECH
198,2025-10-17,1475.5111083984375,1490.5026052102426,1468.5614528351703,1488.2190984767906,3210161,HCLTECH
199,2025-10-20,1484.64501953125,1499.0407346788663,1478.390281024646,1479.184575854568,2354881,HCLTECH
200,2025-10-21,1475.3126220703125,1492.1903573160696,1470.3485822921484,1491.8924664524288,274400,HCLTECH
201,2025-10-23,1512.9400634765625,1536.370306923643,1494.6723729069756,1499.1400086944757,5011470,HCLTECH
202,2025-10-24,1512.8408203125,1521.5774576588615,1505.4940171584299,1514.032141389429,1491451,HCLTECH
203,2025-10-27,1522.470947265625,1538.355874005925,1515.8191826700736,1520.3860748694353,1394846,HCLTECH
204,2025-10-28,1511.1529541015625,1530.9098565142488,1501.1256180606642,1523.9602008750792,1936466,HCLTECH
205,2025-10-29,1546.099853515625,1547.7875785367585,1511.053684754937,1518.9961482753308,2596355,HCLTECH
206,2025-10-30,1538.65380859375,1548.6811446451054,1527.0378828693122,1546.4968944408054,2183395,HCLTECH
207,2025-10-31,1530.4134521484375,1546.993296406407,1526.541476911987,1538.6538065954383,1723467,HCLTECH
208,2025-11-03,1532.3990478515625,1538.5544085723318,1517.2090379673377,1529.0234766336932,2252136,HCLTECH
209,2025-11-04,1518.1025390625,1530.8105286880013,1514.0320509018281,1525.3500852257325,1666863,HCLTECH
210,2025-11-06,1515.4219970703125,1520.8824404996724,1503.4090457641944,1518.102529913232,2474769,HCLTECH
211,2025-11-07,1501.522705078125,1507.876699931102,1479.7801876431495,1504.2032379541695,2238714,HCLTECH
212,2025-11-10,1529.420654296875,1533.7890335362633,1500.5299670520405,1507.0824753149343,1558896,HCLTECH
213,2025-11-11,1558.70849609375,1561.1905159919884,1530.1155783890918,1536.6682078743436,2270763,HCLTECH
214,2025-11-12,1582.535888671875,1588.4927364335006,1562.1833254863207,1563.672537426727,2331564,HCLTECH
215,2025-11-13,1587.00341796875,1593.4566692773499,1568.6364719365813,1587.8969693114916,1944022,HCLTECH
216,2025-11-14,1583.1314697265625,1586.5070408604847,1562.778907562833,1578.5645775770781,2543918,HCLTECH
217,2025-11-17,1594.8466796875,1596.1372572784026,1574.0969697549983,1582.5358371425214,2000978,HCLTECH
218,2025-11-18,1583.7271728515625,1592.46393117536,1578.6638766106146,1592.46393117536,1640123,HCLTECH
219,2025-11-19,1650.6424560546875,1657.4928550760465,1577.1746685281062,1583.8265544385058,6342672,HCLTECH
220,2025-11-20,1633.566162109375,1656.400744077912,1630.7862514797346,1650.6424097132451,2724035,HCLTECH
221,2025-11-21,1596.4351806640625,1631.6798628242454,1594.449564767714,1624.2338032129392,2958835,HCLTECH
222,2025-11-24,1598.81787109375,1628.2049607815773,1591.371811821883,1602.689846153595,6392688,HCLTECH
223,2025-11-25,1589.584716796875,1607.2567460310713,1581.1458495813354,1606.6610855249191,2285950,HCLTECH
224,2025-11-26,1606.263916015625,1615.7948475599933,1589.5846949187028,1589.5846949187028,1243303,HCLTECH
225,2025-11-27,1617.2840576171875,1621.4538022906338,1602.3919392229225,1607.4552352384987,2106176,HCLTECH
226,2025-11-28,1612.5185546875,1625.127287826632,1607.3560020460795,1617.2840811198662,1841289,HCLTECH
227,2025-12-01,1631.0841064453125,1634.6581906102379,1616.2912446483251,1618.2768604279913,2034350,HCLTECH
228,2025-12-02,1623.7373046875,1641.0121862182775,1612.320013948334,1639.1258269881153,2326220,HCLTECH
229,2025-12-03,1628.701416015625,1642.6999836490309,1617.0856116627165,1623.7373763447454,2371611,HCLTECH
230,2025-12-04,1642.699951171875,1659.9748331234766,1633.2682759836734,1638.1330590034308,3935708,HCLTECH
231,2025-12-05,1670.895751953125,1678.8382154205196,1639.1258980835469,1650.7417024276615,3391204,HCLTECH
232,2025-12-08,1676.4554443359375,1683.206586728738,1664.8396400459083,1670.8957441731231,2702407,HCLTECH
233,2025-12-09,1645.6783447265625,1674.866921117288,1644.4870237279085,1674.866921117288,2817704,HCLTECH
234,2025-12-10,1654.0179443359375,1658.981983784725,1645.0826733281203,1651.33741151054,1482249,HCLTECH
235,2025-12-11,1660.3719482421875,1665.3359877184005,1637.1402192550368,1655.5071653170248,1408684,HCLTECH
236,2025-12-12,1661.1661376953125,1665.8324075629043,1648.0611218299982,1665.336003610546,1284337,HCLTECH
237,2025-12-15,1671.8885498046875,1675.8597815144374,1648.0611595461885,1661.1661757114134,1689723,HCLTECH
238,2025-12-16,1639.82080078125,1669.9029293771819,1633.5661835709452,1668.910121452463,1929309,HCLTECH
239,2025-12-17,1643.09716796875,1652.5288435552777,1634.4597872243548,1639.1259361428438,1394918,HCLTECH
240,2025-12-18,1649.4510498046875,1661.8611484080207,1639.3243366289462,1645.0826708578404,1822056,HCLTECH
241,2025-12-19,1630.5877685546875,1668.9101304161918,1620.758945808705,1662.953282835884,3487150,HCLTECH
242,2025-12-22,1658.287109375,1661.4640462269583,1632.1762127260945,1640.0194194953087,1339691,HCLTECH
243,2025-12-23,1667.818115234375,1674.7677709501743,1644.2884938811706,1663.0525885523043,1614314,HCLTECH
244,2025-12-24,1662.6553955078125,1667.917326025199,1653.124463597572,1663.9460942965677,989858,HCLTECH
245,2025-12-26,1648.9547119140625,1664.343234798626,1638.6294852240096,1656.0036239646458,921138,HCLTECH
246,2025-12-29,1619.0711669921875,1648.8554039037997,1613.7099801096233,1647.7632182631444,1516288,HCLTECH
247,2025-12-30,1603.583251953125,1623.9358136537296,1599.512763851478,1619.0711519572365,3323273,HCLTECH
248,2025-12-31,1611.6251220703125,1619.9646115256955,1605.1718706821791,1612.816443080404,1359963,HCLTECH
249,2026-01-01,1622.7445068359375,1633.8639067998354,1606.7603239406958,1611.227959474964,773806,HCLTECH
250,2026-01-02,1628.403564453125,1631.183475212849,1613.4121885237892,1620.262587673384,950573,HCLTECH
251,2026-01-05,1596.0379638671875,1621.7517128456075,1568.7357464792142,1613.3128456529612,3245802,HCLTECH
252,2026-01-06,1604.675537109375,1614.3057257417076,1585.8121860705728,1588.7906099188046,2112043,HCLTECH
253,2026-01-07,1635.849609375,1642.6007519063255,1605.0725629506446,1609.1431724961542,3816569,HCLTECH
254,2026-01-08,1634.8568115234375,1648.6568663406495,1623.63815434392,1641.409440982351,3266398,HCLTECH
255,2026-01-09,1649.4510498046875,1662.95321284664,1635.2538485255266,1635.2538485255266,3281306,HCLTECH
256,2026-01-12,1655.6064453125,1665.137377003319,1629.6941831182085,1647.2668346358942,4175707,HCLTECH
257,2026-01-13,1653.025146484375,1685.3906596485378,1614.3056385487048,1672.881304400103,7149266,HCLTECH
258,2026-01-14,1656.5,1665.8324186046716,1637.3387588350079,1653.0251723104584,2470615,HCLTECH
259,2026-01-15,1656.5,1656.5,1656.5,1656.5,0,HCLTECH
260,2026-01-16,1698.0,1700.9000244140625,1664.800048828125,1670.0,3098089,HCLTECH
261,2026-01-19,1716.800048828125,1719.0,1685.0999755859375,1698.0,2087629,HCLTECH
262,2026-01-20,1687.300048828125,1720.0,1681.800048828125,1720.0,1739341,HCLTECH
263,2026-01-21,1682.5,1694.9000244140625,1668.9000244140625,1687.5999755859375,1728435,HCLTECH
264,2026-01-22,1703.0999755859375,1709.0,1681.5,1690.5999755859375,1853439,HCLTECH
265,2026-01-23,1707.0,1721.0,1698.800048828125,1712.699951171875,1874357,HCLTECH
266,2026-01-27,1720.199951171875,1725.5,1700.5,1720.0,2671530,HCLTECH
267,2026-01-28,1729.5999755859375,1734.4000244140625,1691.0,1705.0999755859375,2713867,HCLTECH
268,2026-01-29,1721.5999755859375,1725.0,1696.0999755859375,1722.800048828125,2235602,HCLTECH
269,2026-01-30,1695.5999755859375,1713.199951171875,1683.0,1713.199951171875,4448681,HCLTECH
270,2026-02-02,1676.800048828125,1688.5,1653.5999755859375,1670.0,1916380,HCLTECH
271,2026-02-03,1695.300048828125,1780.0999755859375,1689.0999755859375,1780.0,3200948,HCLTECH
272,2026-02-04,1621.800048828125,1645.0,1586.0,1642.0,5834470,HCLTECH
0,2025-01-01,1655.9381103515625,1669.3014635479046,1643.6924431500954,1652.7794995960635,721479,TECHM
1,2025-01-02,1678.388671875,1686.8926246785775,1648.3090234134393,1660.9434675787545,1238954,TECHM
2,2025-01-03,1641.943115234375,1681.20710283931,1634.0709085805636,1664.053391922756,2448088,TECHM
3,2025-01-06,1638.8817138671875,1663.1787201295979,1627.8994195814878,1656.812857033756,945693,TECHM
4,2025-01-07,1624.15771484375,1657.0558378081735,1614.7790466382876,1645.3932747268257,1305847,TECHM
5,2025-01-08,1616.9658203125,1622.9914306100377,1588.0523819027048,1621.0476700446734,673344,TECHM
6,2025-01-09,1596.60498046875,1622.5541366364146,1592.134236245282,1616.9171835254429,774065,TECHM
7,2025-01-10,1657.6390380859375,1665.8028564424906,1590.287803579275,1606.6153216546477,2208899,TECHM
8,2025-01-13,1612.9810791015625,1653.168303673186,1603.5052466731006,1650.3013043935111,1401093,TECHM
9,2025-01-14,1601.1727294921875,1623.4773340200074,1575.7095141171142,1622.9428710592624,2480288,TECHM
10,2025-01-15,1628.8226318359375,1631.786914006763,1603.74819296415,1611.377429078745,1079742,TECHM
11,2025-01-16,1640.19384765625,1674.403987504383,1623.963375110999,1647.337144288894,2334315,TECHM
12,2025-01-17,1613.6129150390625,1652.0993513225533,1603.9912763087566,1637.375340999875,2502285,TECHM
13,2025-01-20,1627.5107421875,1639.707887524018,1579.3055025749138,1616.236954327435,4856268,TECHM
14,2025-01-21,1594.3695068359375,1655.6466023897806,1590.093210124499,1627.5105987335717,2500061,TECHM
15,2025-01-22,1636.59765625,1641.2627287817152,1589.2671367818207,1596.507596997745,2478559,TECHM
16,2025-01-23,1665.2196044921875,1680.8668524176783,1624.0118591442267,1624.0118591442267,2255334,TECHM
17,2025-01-24,1674.598388671875,1687.572966874188,1657.396036278861,1670.662226024578,1257165,TECHM
18,2025-01-27,1607.392822265625,1665.7056391906415,1598.743064027535,1661.9152823629695,1174799,TECHM
19,2025-01-28,1601.998779296875,1617.8404747571208,1591.9398424812694,1609.3850454367646,1820874,TECHM
20,2025-01-29,1633.8765869140625,1637.6183023342828,1607.5386545625233,1617.1601746037381,1146508,TECHM
21,2025-01-30,1623.13720703125,1656.9586877121396,1610.4055992858657,1637.618246708922,868832,TECHM
22,2025-01-31,1627.3648681640625,1647.3370551371886,1618.4236171487926,1627.8994497668384,1065425,TECHM
23,2025-02-01,1600.103759765625,1638.4930318583754,1590.6764496133733,1627.4135726407692,410470,TECHM
24,2025-02-03,1608.1702880859375,1617.2574638188153,1560.013690309818,1584.164892084293,1415698,TECHM
25,2025-02-04,1612.3980712890625,1629.7946338796314,1598.7917469867957,1615.993980970997,1467006,TECHM
26,2025-02-05,1614.293212890625,1624.0120160988768,1598.1600232924739,1616.0911677566046,1449280,TECHM
27,2025-02-06,1622.6513671875,1637.3267363701214,1603.6025365415833,1623.0401430451177,1288106,TECHM
28,2025-02-07,1644.5185546875,1647.9201355777857,1611.2802974432261,1627.899426065363,1582031,TECHM
29,2025-02-10,1651.2733154296875,1655.8411055070267,1626.150114091117,1635.6745887414972,1235699,TECHM
30,2025-02-11,1622.165283203125,1660.943328467147,1616.4311660654243,1658.0276877501187,1800036,TECHM
31,2025-02-12,1632.9532470703125,1642.4777215497772,1621.8739064623524,1632.7589184636838,1889477,TECHM
32,2025-02-13,1628.1910400390625,1641.943050748808,1594.4182011491364,1627.8994285072242,1555491,TECHM
33,2025-02-14,1612.446533203125,1646.3651783741523,1605.5948484781245,1637.6182559388706,961944,TECHM
34,2025-02-17,1618.1319580078125,1621.0475987275872,1585.1366713174532,1609.3365130191273,1114005,TECHM
35,2025-02-18,1657.055908203125,1660.8947879253944,1617.2574574524008,1621.0963371746702,2654136,TECHM
36,2025-02-19,1638.395751953125,1664.247742544982,1627.9480393992314,1646.41376391309,1113961,TECHM
37,2025-02-20,1611.231689453125,1646.0250507374942,1608.4618543981724,1632.7588612621932,1485087,TECHM
38,2025-02-21,1603.116455078125,1618.1319573235244,1596.021681874584,1611.1344670541143,1479239,TECHM
39,2025-02-24,1568.3232421875,1597.722622191025,1559.139020517526,1584.1649390329235,1672609,TECHM
40,2025-02-25,1549.1285400390625,1568.6147872992037,1544.317780060988,1562.8321470316007,1425126,TECHM
41,2025-02-27,1543.5888671875,1550.829327876936,1525.7548876328863,1530.7114533734064,2208643,TECHM
42,2025-02-28,1446.0120849609375,1528.6705521787455,1436.8278635535064,1525.8520755727525,4155992,TECHM
43,2025-03-03,1451.06591796875,1488.4346677550427,1434.6896401322365,1457.8204385455854,2851006,TECHM
44,2025-03-04,1446.4007568359375,1457.2857679910026,1392.753015426694,1433.5233437480315,2386196,TECHM
45,2025-03-05,1494.84912109375,1505.4426404838368,1445.6719998190492,1446.400910071059,1967418,TECHM
46,2025-03-06,1461.17333984375,1507.1919653925304,1458.7436391764534,1497.6674913216364,2246380,TECHM
47,2025-03-07,1450.3856201171875,1464.8180196221888,1440.3266821978073,1459.7156477722976,893696,TECHM
48,2025-03-10,1445.0401611328125,1457.820410458713,1440.812505670028,1450.3855026378278,798491,TECHM
49,2025-03-11,1437.6053466796875,1445.5748366237578,1412.7252337861894,1423.318753184416,1769157,TECHM
50,2025-03-12,1397.85546875,1447.1297520045314,1369.185000191146,1439.3547096834864,2665932,TECHM
51,2025-03-13,1400.1392822265625,1415.3005901427791,1382.0136921428543,1401.4512968143433,995812,TECHM
52,2025-03-17,1399.604736328125,1407.2826140966672,1385.1236967511043,1402.3745713368885,1747569,TECHM
53,2025-03-18,1399.604736328125,1399.604736328125,1399.604736328125,1399.604736328125,0,TECHM
54,2025-03-19,1356.890625,1391.5381793906993,1355.18983457474,1390.4204933836977,5557840,TECHM
55,2025-03-20,1370.8858642578125,1381.0419663795412,1360.6811206638752,1363.693925997395,2863413,TECHM
56,2025-03-21,1369.622314453125,1390.8578753065974,1343.1872177158282,1350.9622601253545,4056023,TECHM
57,2025-03-24,1417.6331787109375,1426.38010113568,1373.8499251186634,1376.036655724849,3072831,TECHM
58,2025-03-25,1414.5716552734375,1442.1730771526586,1408.6917325078682,1432.5514392806917,2056315,TECHM
59,2025-03-26,1376.4739990234375,1422.832637927037,1369.8651660916385,1422.832637927037,2231144,TECHM
60,2025-03-27,1383.8603515625,1389.7887975307144,1366.4636708588703,1367.5813569061088,2541022,TECHM
61,2025-03-28,1378.3692626953125,1389.7888564458287,1368.9420710542352,1375.307815962308,1642693,TECHM
62,2025-04-01,1355.918701171875,1377.1056186057253,1346.4428691071635,1362.5760568949229,1578367,TECHM
63,2025-04-02,1383.0343017578125,1385.9499426438729,1357.862578380612,1357.862578380612,1617949,TECHM
64,2025-04-03,1330.84423828125,1360.6323926040195,1322.0001514568698,1357.7167517627254,1943422,TECHM
65,2025-04-04,1283.80517578125,1320.9795955464115,1281.7642509726688,1312.0383446527574,1757493,TECHM
66,2025-04-07,1251.7818603515625,1257.418813699544,1175.3920904272206,1209.9910063180864,3044730,TECHM
67,2025-04-08,1277.439453125,1304.311966370835,1254.843236803111,1277.0506772886906,2868814,TECHM
68,2025-04-09,1236.960693359375,1263.3957909519136,1228.7968748377057,1253.725629097304,3724878,TECHM
69,2025-04-11,1246.1934814453125,1275.447053967721,1238.3697977838378,1239.1473494581971,1803181,TECHM
70,2025-04-15,1265.0965576171875,1277.245061545438,1250.6156358449,1277.245061545438,1511866,TECHM
71,2025-04-16,1271.899658203125,1277.6337755070315,1247.4083229252851,1255.6693051963134,1093342,TECHM
72,2025-04-17,1270.0531005859375,1272.0940252908808,1240.0219784946473,1258.6820309937314,3027966,TECHM
73,2025-04-21,1334.8775634765625,1349.9417078041101,1266.3600037932006,1267.331884072397,3759267,TECHM
74,2025-04-22,1337.793212890625,1356.7448784564565,1322.923397068496,1335.3635121770567,2471135,TECHM
75,2025-04-23,1399.118896484375,1408.6433711540267,1368.4075018466147,1379.0010211495367,5944062,TECHM
76,2025-04-24,1404.561279296875,1426.2342561642047,1393.9678795616105,1404.3669507034247,2501415,TECHM
77,2025-04-25,1420.8890380859375,1432.4544377048817,1336.3354496362272,1414.4746516552307,8211667,TECHM
78,2025-04-28,1420.4029541015625,1438.3827383306962,1396.591888500818,1427.983667339746,2079431,TECHM
79,2025-04-29,1453.252685546875,1462.5827128630526,1422.152515401127,1424.970873410398,2652788,TECHM
80,2025-04-30,1460.736083984375,1468.316797743578,1448.1016401441907,1453.2526531648969,1858465,TECHM
81,2025-05-02,1452.0863037109375,1476.286146428657,1447.907289686437,1462.6798224984389,1582577,TECHM
82,2025-05-05,1452.572265625,1464.1376648665937,1448.587580141824,1456.848562651858,846022,TECHM
83,2025-05-06,1454.1273193359375,1462.4855851821,1444.3113516154235,1454.8077067575541,1545773,TECHM
84,2025-05-07,1453.1553955078125,1462.58270571984,1438.9659666756625,1447.2269493302804,1272555,TECHM
85,2025-05-08,1460.5416259765625,1475.800097807332,1446.1577514239775,1458.6950298513666,2829448,TECHM
86,2025-05-09,1451.697509765625,1459.083894717233,1436.536201302876,1438.382797540778,923174,TECHM
87,2025-05-12,1528.8648681640625,1532.169284894235,1474.7311831937768,1479.2018088227248,1891418,TECHM
88,2025-05-13,1528.28173828125,1555.8831619243363,1521.0898004912042,1555.3000574846526,3724272,TECHM
89,2025-05-14,1558.118408203125,1564.1441370860373,1533.724237047299,1539.4583543928486,2354571,TECHM
90,2025-05-15,1583.2901611328125,1590.3849347247171,1555.202796945832,1560.8397500986657,2972408,TECHM
91,2025-05-16,1571.5303955078125,1589.8989563257092,1556.2719227344112,1589.0242403557659,1159095,TECHM
92,2025-05-19,1552.870361328125,1580.4716664141824,1548.3024528221656,1571.5304152789427,681874,TECHM
93,2025-05-20,1531.6832275390625,1573.96001713167,1529.059198398748,1566.670915477772,1869716,TECHM
94,2025-05-21,1553.259033203125,1557.924106053762,1525.2689520124957,1532.6552184945617,930031,TECHM
95,2025-05-22,1521.57568359375,1544.997973705272,1514.1894174799295,1544.997973705272,1789310,TECHM
96,2025-05-23,1535.8624267578125,1558.8959415310796,1523.7139234728133,1530.711413909882,1159290,TECHM
97,2025-05-26,1556.369140625,1559.284781533388,1538.486519326008,1538.486519326008,711029,TECHM
98,2025-05-27,1547.6221923828125,1559.1875915229418,1534.1130326691398,1556.369114963758,1394001,TECHM
99,2025-05-28,1535.8624267578125,1556.9521810054798,1533.7242189970161,1555.785972145211,820958,TECHM
100,2025-05-29,1555.008544921875,1559.7707823182457,1539.9443996429443,1547.330666503776,1799251,TECHM
101,2025-05-30,1529.642333984375,1550.1489833278124,1523.9082168388777,1550.1489833278124,2780942,TECHM
102,2025-06-02,1505.539794921875,1524.8802372093107,1498.7366326143765,1520.99271589074,2120693,TECHM
103,2025-06-03,1500.388916015625,1520.8955674575473,1490.7672769242033,1512.1486443994797,2316285,TECHM
104,2025-06-04,1512.9259033203125,1522.5475413040892,1500.5830718810435,1501.3606235184543,1439090,TECHM
105,2025-06-05,1518.8546142578125,1526.1437166708022,1503.4988577193535,1516.1333019018691,1529586,TECHM
106,2025-06-06,1526.921142578125,1529.2536790668796,1511.662669053651,1520.798367762595,828051,TECHM
107,2025-06-09,1534.6961669921875,1546.7475065103267,1526.921124546644,1530.711481466393,598108,TECHM
108,2025-06-10,1565.6019287109375,1587.5663987773116,1534.5989248052495,1534.696089103341,3324373,TECHM
109,2025-06-11,1591.4539794921875,1602.6306028596136,1559.4790941308745,1572.5023137822043,2660949,TECHM
110,2025-06-12,1598.159912109375,1611.3774598255131,1566.5738038799848,1589.996094254849,2316173,TECHM
111,2025-06-13,1612.349365234375,1622.0681679181266,1559.4790549072213,1559.867830742117,2511076,TECHM
112,2025-06-16,1646.26806640625,1658.027794326624,1604.768706350371,1611.377539855535,2160406,TECHM
113,2025-06-17,1670.2734375,1676.4934950643064,1636.8407318998673,1644.8102214358546,2105126,TECHM
114,2025-06-18,1662.595458984375,1684.0741069385192,1660.3602056420714,1668.8155161726156,1299278,TECHM
115,2025-06-19,1636.6463623046875,1646.3651649311998,1614.0015047298227,1636.6463623046875,3056884,TECHM
116,2025-06-20,1648.4061279296875,1660.4574671931982,1622.2625245313793,1632.7588790661825,3425550,TECHM
117,2025-06-23,1634.50830078125,1644.4214321725888,1628.5797361687896,1632.758868823847,732380,TECHM
118,2025-06-24,1629.9403076171875,1660.457370522017,1627.6077713410605,1651.0301797599195,1923989,TECHM
119,2025-06-25,1657.055908203125,1665.8028308857222,1628.6770509546805,1642.2833751276091,1416375,TECHM
120,2025-06-26,1642.6719970703125,1655.5980522121797,1623.3316744641927,1647.3370698559697,2528268,TECHM
121,2025-06-27,1627.3162841796875,1653.9458262638905,1615.848049987059,1650.2526339272208,6183785,TECHM
122,2025-06-30,1639.56201171875,1641.9917123881614,1613.321244489108,1633.3419542775116,1546996,TECHM
123,2025-07-01,1624.206298828125,1649.669633697109,1622.359821180903,1642.4776957986103,1689051,TECHM
124,2025-07-02,1629.9403076171875,1651.2245083505454,1620.610281150403,1627.8993828647226,1931642,TECHM
125,2025-07-03,1624.88671875,1645.3933696231911,1623.040122428074,1637.5211628168054,1713273,TECHM
126,2025-07-04,1638.048828125,1646.658751517565,1623.501197324542,1627.9545684845302,1310544,TECHM
127,2025-07-07,1607.0732421875,1630.824555219481,1598.7602584652216,1630.824555219481,1550115,TECHM
128,2025-07-08,1618.4541015625,1626.767085397165,1602.2240132768072,1606.1825655023213,1318755,TECHM
129,2025-07-09,1598.0675048828125,1619.4436617111448,1595.29647013609,1617.8602650581981,1173847,TECHM
130,2025-07-10,1583.519775390625,1600.6405614993353,1573.623395167191,1598.067526802327,1631315,TECHM
131,2025-07-11,1585.8948974609375,1590.348268467848,1561.450887145174,1563.6280424263846,2559235,TECHM
132,2025-07-14,1560.3621826171875,1581.4415202899029,1547.892768007525,1581.4415202899029,2068336,TECHM
133,2025-07-15,1562.638427734375,1578.373696354596,1536.9078393106297,1538.491235975622,2574760,TECHM
134,2025-07-16,1591.239013671875,1594.3068674058604,1560.9561140945243,1563.628088455158,2207039,TECHM
135,2025-07-17,1547.4969482421875,1587.2804697641882,1544.726034225231,1566.9928900304992,7617296,TECHM
136,2025-07-18,1532.850341796875,1557.6902317507486,1522.0632632990162,1556.7005937382005,3619191,TECHM
137,2025-07-21,1527.80322265625,1537.3037234813082,1515.4327474138765,1534.9285680736882,988104,TECHM
138,2025-07-22,1531.16796875,1536.710038568854,1525.2301403487377,1533.939003659427,1404790,TECHM
139,2025-07-23,1530.5740966796875,1536.8088643612866,1518.5995011186883,1534.9285280124377,2887100,TECHM
140,2025-07-24,1483.071533203125,1537.8975044334593,1480.0036794596128,1537.8975044334593,2207437,TECHM
141,2025-07-25,1446.7518310546875,1485.7435928117823,1440.6160029091184,1474.659574615958,1179664,TECHM
142,2025-07-28,1435.56884765625,1450.8092969007384,1430.1258386978911,1446.850744931023,1070496,TECHM
143,2025-07-29,1438.73583984375,1443.9808490051942,1421.5161136793113,1435.5689256127514,1458817,TECHM
144,2025-07-30,1448.038330078125,1450.9083045517857,1433.589638872449,1436.261734060516,1299448,TECHM
145,2025-07-31,1448.5330810546875,1458.0337024254131,1432.2040541812037,1434.975088881902,1382994,TECHM
146,2025-08-01,1423.8912353515625,1444.6736338278047,1417.5575278453375,1441.5067196719808,1620011,TECHM
147,2025-08-04,1459.716064453125,1461.6953404727226,1404.395275544292,1420.130544061176,1581473,TECHM
148,2025-08-05,1470.00830078125,1472.3834561284712,1446.0589888377804,1454.8667911474568,2929677,TECHM
149,2025-08-06,1443.8818359375,1466.148690844007,1438.2409476833525,1464.7631734887404,1039973,TECHM
150,2025-08-07,1466.6435546875,1476.5399349485492,1434.9751378521423,1439.923327982667,1587489,TECHM
151,2025-08-08,1465.0601806640625,1480.4985099489693,1458.5285937518431,1458.5285937518431,1371665,TECHM
152,2025-08-11,1465.7528076171875,1506.921723974621,1454.4709103332407,1465.0601093440916,888886,TECHM
153,2025-08-12,1493.6607666015625,1501.6768106960017,1465.653961287868,1467.2373580167628,2532937,TECHM
154,2025-08-13,1490.6917724609375,1502.9631870556111,1483.7643064389158,1499.3015747661393,1815196,TECHM
155,2025-08-14,1471.2947998046875,1514.0472348621527,1469.6124634885196,1494.2544744111287,1715172,TECHM
156,2025-08-18,1455.9554443359375,1484.4570683708275,1452.887590555723,1484.4570683708275,1249405,TECHM
157,2025-08-19,1481.191162109375,1484.0611365011343,1449.2259268509702,1456.747151570276,1807647,TECHM
158,2025-08-20,1508.3072509765625,1516.1254153342131,1471.9875847146798,1472.5813433533351,2329633,TECHM
159,2025-08-21,1505.536376953125,1515.8285157769797,1493.4627205552604,1512.166903403734,1251760,TECHM
160,2025-08-22,1489.4052734375,1513.7503454402436,1483.4674451048588,1513.7503454402436,969599,TECHM
161,2025-08-25,1511.2762451171875,1523.7456604118722,1489.4052683280731,1500.2912869005706,1386218,TECHM
162,2025-08-26,1486.6341552734375,1510.6824069955344,1483.368422356699,1505.2393979955505,1510822,TECHM
163,2025-08-28,1480.1026611328125,1493.5617146128054,1467.2373663288404,1484.4570927660116,1771867,TECHM
164,2025-08-29,1466.0498046875,1489.1082983486128,1463.3777095179885,1483.269530604464,2279980,TECHM
165,2025-09-01,1489.9000244140625,1494.2544558201962,1469.6124452041734,1469.6124452041734,1241192,TECHM
166,2025-09-02,1497.12451171875,1504.150917812897,1483.0715787250285,1486.4363723041126,1137022,TECHM
167,2025-09-03,1492.572021484375,1500.3901860455867,1481.7850636525886,1497.1244530452432,1431929,TECHM
168,2025-09-04,1484.8529052734375,1495.145164814133,1479.8057755464433,1490.4937936497095,1038934,TECHM
169,2025-09-05,1462.5860595703125,1491.7803812731152,1446.949730471727,1483.4673977119105,1875965,TECHM
170,2025-09-08,1445.564208984375,1472.4824356394215,1443.881872670807,1467.0394265238017,1308412,TECHM
171,2025-09-09,1482.6756591796875,1484.45705596902,1450.5124229670255,1451.4031213616918,1749566,TECHM
172,2025-09-10,1510.1876220703125,1520.0840022935781,1486.2384302521791,1487.425947556802,1660976,TECHM
173,2025-09-11,1505.4373779296875,1515.6306983333695,1490.097987904113,1510.187688969456,896908,TECHM
174,2025-09-12,1509.69287109375,1514.1462423949115,1496.8275762237279,1513.1566043279868,770698,TECHM
175,2025-09-15,1504.0518798828125,1512.067923517255,1489.998947807403,1512.067923517255,825515,TECHM
176,2025-09-16,1515.630615234375,1518.1047102641405,1494.3533979783913,1507.1197524930658,1011289,TECHM
177,2025-09-17,1531.16796875,1533.3452449803865,1509.7918106665413,1522.3602865991368,1946337,TECHM
178,2025-09-18,1534.631591796875,1550.6637998124208,1525.8239102784069,1539.876721496892,2246114,TECHM
179,2025-09-19,1537.6995849609375,1541.2622576282095,1525.6259287815897,1534.9285502167145,2621234,TECHM
180,2025-09-22,1489.8011474609375,1494.3534583384994,1438.2410291190852,1483.4674397678216,5723501,TECHM
181,2025-09-23,1456.648193359375,1496.0357131949572,1452.9864602836687,1496.0357131949572,1380054,TECHM
182,2025-09-24,1437.350341796875,1454.7679474832075,1424.0891676383237,1454.7679474832075,2122106,TECHM
183,2025-09-25,1429.334228515625,1445.0693762561637,1422.1098227085765,1436.9543928829876,1581629,TECHM
184,2025-09-26,1393.1134033203125,1426.563216979923,1388.956971925995,1424.9798202966317,1851067,TECHM
185,2025-09-29,1396.082275390625,1410.2341470835258,1377.4771535123537,1400.3377671039923,2708118,TECHM
186,2025-09-30,1385.7901611328125,1411.9165080921323,1378.0709362913815,1393.4103255283771,2225340,TECHM
187,2025-10-01,1401.327392578125,1408.8486171342686,1378.9615981853487,1386.4828227414923,1683484,TECHM
188,2025-10-03,1386.0870361328125,1409.046711499703,1382.8213030334825,1408.254952733269,2568702,TECHM
189,2025-10-06,1424.3861083984375,1427.0580828388636,1382.6233097738498,1390.3425349657455,3036770,TECHM
190,2025-10-07,1423.990234375,1430.8187611773226,1411.8176378662758,1425.0788120842565,1105550,TECHM
191,2025-10-08,1443.090087890625,1457.5388993811462,1417.2605601691457,1417.2605601691457,1154614,TECHM
192,2025-10-09,1451.403076171875,1460.1119389512437,1436.9543854380586,1443.0900927561904,1354036,TECHM
193,2025-10-10,1442.1004638671875,1462.388043128704,1435.0740581376979,1461.6953448419429,937053,TECHM
194,2025-10-13,1435.8658447265625,1446.355983704215,1424.2870072694188,1439.923336496499,1229414,TECHM
195,2025-10-14,1452.78857421875,1464.4663508622946,1442.79325464713,1444.8714702720538,1430713,TECHM
196,2025-10-15,1443.8818359375,1463.6745958543952,1425.4745933758713,1454.7678538917924,2810322,TECHM
197,2025-10-16,1448.6322021484375,1451.502055802019,1432.8969332504778,1450.8093575005526,1619438,TECHM
198,2025-10-17,1432.5999755859375,1449.819701319002,1425.1776904256014,1449.819701319002,1433539,TECHM
199,2025-10-20,1444.4000244140625,1455.0,1439.0,1440.0,1800507,TECHM
200,2025-10-21,1448.699951171875,1457.300048828125,1442.0,1450.0,114229,TECHM
201,2025-10-23,1463.4000244140625,1487.5,1460.9000244140625,1465.0,3244860,TECHM
202,2025-10-24,1453.699951171875,1468.0,1450.0,1465.4000244140625,969361,TECHM
203,2025-10-27,1462.800048828125,1475.5999755859375,1457.0,1457.9000244140625,1036807,TECHM
204,2025-10-28,1447.4000244140625,1469.5999755859375,1435.300048828125,1469.0,1432913,TECHM
205,2025-10-29,1452.199951171875,1461.199951171875,1442.5999755859375,1453.0,1311858,TECHM
206,2025-10-30,1433.800048828125,1458.0999755859375,1432.5,1453.199951171875,1797868,TECHM
207,2025-10-31,1424.4000244140625,1437.5,1420.300048828125,1433.800048828125,1757591,TECHM
208,2025-11-03,1419.800048828125,1424.0,1414.0,1419.0999755859375,2136091,TECHM
209,2025-11-04,1409.199951171875,1425.300048828125,1405.5999755859375,1419.9000244140625,1191278,TECHM
210,2025-11-06,1413.5999755859375,1420.9000244140625,1410.0,1412.0,2502412,TECHM
211,2025-11-07,1386.699951171875,1409.800048828125,1385.0,1400.0999755859375,1209479,TECHM
212,2025-11-10,1397.800048828125,1404.300048828125,1383.5999755859375,1386.699951171875,2883323,TECHM
213,2025-11-11,1408.0,1410.4000244140625,1392.199951171875,1405.0,2488036,TECHM
214,2025-11-12,1456.0999755859375,1460.199951171875,1414.0,1415.0,2958869,TECHM
215,2025-11-13,1451.4000244140625,1463.800048828125,1442.300048828125,1463.0,1178211,TECHM
216,2025-11-14,1439.199951171875,1445.800048828125,1422.9000244140625,1444.199951171875,1220596,TECHM
217,2025-11-17,1452.800048828125,1455.9000244140625,1438.300048828125,1440.0,999416,TECHM
218,2025-11-18,1422.0,1451.0999755859375,1419.5,1444.0,1553597,TECHM
219,2025-11-19,1433.9000244140625,1443.5,1417.800048828125,1427.5,5777445,TECHM
220,2025-11-20,1456.0,1464.699951171875,1430.699951171875,1445.300048828125,2818268,TECHM
221,2025-11-21,1461.5,1469.0,1440.0,1455.0,2615232,TECHM
222,2025-11-24,1494.699951171875,1513.800048828125,1461.800048828125,1470.0,6808658,TECHM
223,2025-11-25,1494.699951171875,1502.0,1483.5,1501.199951171875,1675981,TECHM
224,2025-11-26,1520.4000244140625,1522.699951171875,1496.199951171875,1498.0,1592891,TECHM
225,2025-11-27,1509.800048828125,1532.0,1505.0,1523.0,1426194,TECHM
226,2025-11-28,1517.300048828125,1525.300048828125,1503.699951171875,1515.800048828125,1247146,TECHM
227,2025-12-01,1529.5,1532.0,1509.699951171875,1515.300048828125,1527101,TECHM
228,2025-12-02,1536.699951171875,1539.0,1520.0,1523.0999755859375,1754978,TECHM
229,2025-12-03,1541.699951171875,1550.800048828125,1530.300048828125,1537.9000244140625,2142830,TECHM
230,2025-12-04,1562.300048828125,1577.9000244140625,1541.0999755859375,1545.0999755859375,2422663,TECHM
231,2025-12-05,1570.800048828125,1583.0,1556.5999755859375,1567.0999755859375,2223397,TECHM
232,2025-12-08,1591.800048828125,1595.699951171875,1572.699951171875,1581.0,2833786,TECHM
233,2025-12-09,1561.5999755859375,1586.0,1559.0,1579.0999755859375,1533609,TECHM
234,2025-12-10,1550.800048828125,1572.9000244140625,1548.199951171875,1563.0,735586,TECHM
235,2025-12-11,1568.199951171875,1572.0,1541.0,1550.0,1248064,TECHM
236,2025-12-12,1578.4000244140625,1580.5,1558.699951171875,1575.0,754479,TECHM
237,2025-12-15,1575.4000244140625,1588.699951171875,1567.699951171875,1571.0,784781,TECHM
238,2025-12-16,1578.199951171875,1580.300048828125,1564.699951171875,1570.0,999338,TECHM
239,2025-12-17,1579.4000244140625,1586.199951171875,1570.300048828125,1578.199951171875,582251,TECHM
240,2025-12-18,1605.5999755859375,1608.800048828125,1574.5999755859375,1581.0,1748780,TECHM
241,2025-12-19,1612.5,1624.0,1595.0,1611.0,1802793,TECHM
242,2025-12-22,1646.699951171875,1649.800048828125,1612.800048828125,1615.9000244140625,1466208,TECHM
243,2025-12-23,1633.0,1646.5,1628.800048828125,1646.5,1161166,TECHM
244,2025-12-24,1631.5,1636.5999755859375,1615.300048828125,1630.0,955523,TECHM
245,2025-12-26,1612.300048828125,1633.699951171875,1608.0,1630.5,461192,TECHM
246,2025-12-29,1612.4000244140625,1629.800048828125,1610.0999755859375,1614.0,891096,TECHM
247,2025-12-30,1604.5999755859375,1616.199951171875,1599.0,1614.9000244140625,1973547,TECHM
248,2025-12-31,1590.9000244140625,1614.800048828125,1588.300048828125,1614.800048828125,729913,TECHM
249,2026-01-01,1607.699951171875,1613.5,1587.199951171875,1591.0,565878,TECHM
250,2026-01-02,1612.0,1619.0999755859375,1601.9000244140625,1611.0,637080,TECHM
251,2026-01-05,1596.9000244140625,1610.0999755859375,1576.0999755859375,1601.9000244140625,907810,TECHM
252,2026-01-06,1601.800048828125,1625.4000244140625,1596.0999755859375,1603.9000244140625,570335,TECHM
253,2026-01-07,1625.199951171875,1633.9000244140625,1595.800048828125,1599.0,1309781,TECHM
254,2026-01-08,1577.9000244140625,1632.800048828125,1574.5,1625.0,1657201,TECHM
255,2026-01-09,1582.199951171875,1606.4000244140625,1578.0999755859375,1583.0,1410053,TECHM
256,2026-01-12,1586.0999755859375,1594.0,1562.800048828125,1572.0999755859375,652320,TECHM
257,2026-01-13,1614.800048828125,1622.9000244140625,1582.0,1582.0,2573438,TECHM
258,2026-01-14,1588.5,1613.0,1583.0999755859375,1612.9000244140625,1570385,TECHM
259,2026-01-15,1588.5,1588.5,1588.5,1588.5,0,TECHM
260,2026-01-16,1670.5,1680.699951171875,1600.0,1600.0,3733401,TECHM
261,2026-01-19,1718.300048828125,1736.0,1673.5,1690.0,10621562,TECHM
262,2026-01-20,1678.5,1716.699951171875,1675.0,1715.0,1825981,TECHM
263,2026-01-21,1686.699951171875,1694.300048828125,1660.0999755859375,1678.5,1766163,TECHM
264,2026-01-22,1687.4000244140625,1712.5999755859375,1682.699951171875,1695.0,3123567,TECHM
265,2026-01-23,1701.0999755859375,1709.699951171875,1689.199951171875,1699.0,1831521,TECHM
266,2026-01-27,1745.0999755859375,1749.0,1700.0,1720.0,2932973,TECHM
267,2026-01-28,1762.9000244140625,1765.699951171875,1739.9000244140625,1748.0,2534826,TECHM
268,2026-01-29,1768.4000244140625,1776.5999755859375,1736.0999755859375,1751.0999755859375,1893136,TECHM
269,2026-01-30,1743.0999755859375,1760.0,1731.0,1757.0999755859375,1672787,TECHM
270,2026-02-02,1724.0,1729.5999755859375,1709.199951171875,1713.699951171875,1030696,TECHM
271,2026-02-03,1716.5,1854.0,1712.699951171875,1845.0,2711705,TECHM
272,2026-02-04,1645.300048828125,1656.0,1598.0,1651.0,4823180,TECHM
0,2025-01-01,281.50140380859375,284.3604929559859,280.23593581659793,281.22019505641634,7878201,WIPRO
1,2025-01-02,284.78228759765625,285.3916208664818,278.54857940000534,279.3453756223808,8800435,WIPRO
2,2025-01-03,276.01763916015625,284.7823125527354,275.59579741511095,284.3136122169954,12535720,WIPRO
3,2025-01-06,275.87701416015625,279.15791660531636,272.36176154034183,276.5332060920679,9173687,WIPRO
4,2025-01-07,275.64263916015625,278.8766827219958,273.06478747112936,275.87698931370414,7381943,WIPRO
5,2025-01-08,278.92352294921875,279.76720633221146,271.18996839121235,274.658361878287,7937785,WIPRO
6,2025-01-09,274.002197265625,279.34539238841666,273.1116838166247,278.40799174281796,7964702,WIPRO
7,2025-01-10,281.7357482910156,284.2667414383746,275.8769943454597,275.8769943454597,19505556,WIPRO
8,2025-01-13,273.58038330078125,280.517142335508,272.0805365509815,280.23593358556946,9541248,WIPRO
9,2025-01-14,274.51776123046875,276.11132502693494,268.6121205056024,273.5334734727269,7670070,WIPRO
10,2025-01-15,274.3302917480469,276.2519802255805,271.56497702261646,274.65838769369384,4662694,WIPRO
11,2025-01-16,270.01824951171875,277.93929655628637,268.7527815025328,277.3768504370937,10345666,WIPRO
12,2025-01-17,264.3001403808594,269.7839116227367,262.94089791489023,269.7839116227367,9358955,WIPRO
13,2025-01-20,281.4545593261719,286.2821671951727,278.3611484683808,283.0950105462245,39380165,WIPRO
14,2025-01-21,279.6734924316406,286.7039973765929,279.1579049046921,283.4699536590357,15619474,WIPRO
15,2025-01-22,289.7505187988281,290.594173581335,280.6108633394152,280.6108633394152,30859317,WIPRO
16,2025-01-23,297.81219482421875,304.28025351993773,291.20350314671674,291.6253448776712,39904371,WIPRO
17,2025-01-24,300.0619201660156,302.3116757525023,296.7810182586241,299.03077384511084,17479586,WIPRO
18,2025-01-27,288.6725158691406,299.17138504862663,287.54762374656946,297.9058885625328,12372895,WIPRO
19,2025-01-28,290.2499694824219,294.0740796754033,288.2900955031316,290.6323746665909,12077491,WIPRO
20,2025-01-29,298.7108154296875,300.86187738666854,291.63618831954506,291.63618831954506,16338112,WIPRO
21,2025-01-30,295.41253662109375,299.9058781363986,292.49666403020615,297.3245918743047,9984186,WIPRO
22,2025-01-31,298.18499755859375,301.81791988250086,295.9383269014854,297.99380954721744,15597644,WIPRO
23,2025-02-01,291.3971862792969,299.4756307667261,290.01096383380866,298.80639980983835,6046117,WIPRO
24,2025-02-03,299.81024169921875,300.19264687922254,287.0950579406672,289.6763439630714,14877076,WIPRO
25,2025-02-04,302.3437194824219,304.8293970034145,299.57124536024196,304.0167677325222,15366864,WIPRO
26,2025-02-05,303.1563415527344,307.3150672250492,301.0530692751639,303.825543331492,9628027,WIPRO
27,2025-02-06,303.9689636230469,309.3705133109035,300.71844669347786,305.92880838148284,15062390,WIPRO
28,2025-02-07,304.0167541503906,304.97278167916545,300.1926440352914,304.97278167916545,8589587,WIPRO
29,2025-02-10,305.02056884765625,306.88483418351484,301.961298286416,304.781561967451,12304840,WIPRO
30,2025-02-11,299.23663330078125,306.3112315756385,297.89820052050766,305.45081258658024,10627890,WIPRO
31,2025-02-12,296.5597839355469,301.86572563753896,295.7471546109734,299.6668737481264,9668342,WIPRO
32,2025-02-13,294.9822998046875,299.8580463253531,293.4526790085659,296.6553480791362,8832731,WIPRO
33,2025-02-14,294.5521240234375,298.6630312373382,291.1582083694977,296.41636043063266,7371341,WIPRO
34,2025-02-17,291.92303466796875,296.65535380159326,288.72033635997207,294.5521105785314,7507772,WIPRO
35,2025-02-18,298.4718322753906,298.99763579197605,291.92303729501725,291.92303729501725,10368789,WIPRO
36,2025-02-19,300.28826904296875,302.58272940235975,294.7432915674903,297.5635846018467,7835672,WIPRO
37,2025-02-20,299.5234069824219,300.47943449168673,296.60753474942175,297.51577255348104,7697134,WIPRO
38,2025-02-21,292.8790588378906,299.0454193049779,291.6362054620812,299.0454193049779,8722925,WIPRO
39,2025-02-24,282.075927734375,289.96315532321836,280.450698342668,289.62856900845134,12600963,WIPRO
40,2025-02-25,278.4908447265625,283.2709830100644,277.3436290439112,281.40674658488786,10810040,WIPRO
41,2025-02-27,281.5501403808594,282.7929646443696,278.5386591457014,281.0721265601788,15555649,WIPRO
42,2025-02-28,265.4410705566406,281.07212843212847,264.8196584207469,281.07212843212847,17458839,WIPRO
43,2025-03-03,271.08160400390625,273.7584986875257,267.0184868583757,267.1619143334405,11471554,WIPRO
44,2025-03-04,267.6877136230469,270.6514048590025,264.1504000227699,266.7316860743931,9331785,WIPRO
45,2025-03-05,272.5634765625,274.3321334703956,266.39708682773204,269.0261627467088,10285712,WIPRO
46,2025-03-06,273.3282775878906,279.16005162477023,271.033817245282,275.7661654071248,9782051,WIPRO
47,2025-03-07,272.2766418457031,275.0491451553082,270.4601952872919,274.7623193772562,8097300,WIPRO
48,2025-03-10,268.54815673828125,273.0892880028726,265.7278927214502,271.94207234668045,8165123,WIPRO
49,2025-03-11,265.5366516113281,267.01848264133116,261.18673793565813,264.81963094991136,8602609,WIPRO
50,2025-03-12,256.7412109375,265.48888718012614,250.67045876671983,265.48888718012614,18584311,WIPRO
51,2025-03-13,252.3912811279297,259.17908278127226,251.76986903603944,256.7411949468078,8683943,WIPRO
52,2025-03-17,248.42376708984375,253.53852036662278,247.5155292383579,252.3912756253402,12697926,WIPRO
53,2025-03-18,248.42376708984375,248.42376708984375,248.42376708984375,248.42376708984375,0,WIPRO
54,2025-03-19,254.01654052734375,254.78135092364772,244.98206819581512,250.4792267992334,14044300,WIPRO
55,2025-03-20,256.21539306640625,261.9037688737735,255.7373792733719,257.3626378399473,17038774,WIPRO
56,2025-03-21,252.67808532714844,257.69723027318094,248.75839547171705,252.39128871477692,22659168,WIPRO
57,2025-03-24,257.5538330078125,259.7048951362335,253.72972255728627,255.30716228299886,9269617,WIPRO
58,2025-03-25,259.0834655761719,262.62077917496083,257.5060259566859,260.0394931244234,12563930,WIPRO
59,2025-03-26,255.6417694091797,260.278509013699,255.02035731645256,260.0395021183696,7308412,WIPRO
60,2025-03-27,260.230712890625,261.521326753075,257.74503540533806,258.1274405933101,14783522,WIPRO
61,2025-03-28,250.71823120117188,259.8961017437606,250.09681911340022,259.08347247099175,14283389,WIPRO
62,2025-04-01,251.05284118652344,251.4352463724932,247.13312238513114,248.9017791928424,8388635,WIPRO
63,2025-04-02,252.00888061523438,253.87311692555642,249.61881162073414,251.24404103160617,7136992,WIPRO
64,2025-04-03,245.0776824951172,249.04519122265188,244.07385059181817,248.4715688242457,12262561,WIPRO
65,2025-04-04,235.46958923339844,242.78319417909,234.08335219904274,241.87497092125852,14639785,WIPRO
66,2025-04-07,232.21908569335938,233.12732353468408,217.97428105597103,220.89016799643343,13011904,WIPRO
67,2025-04-08,236.37782287597656,238.52888496483783,233.1273348879378,233.98775388835296,13806651,WIPRO
68,2025-04-09,226.24392700195312,231.64549172561502,223.71045968255785,230.11584172171595,19063559,WIPRO
69,2025-04-11,229.20761108398438,234.2267558522468,227.86917831424364,234.2267558522468,11205821,WIPRO
70,2025-04-15,233.27073669433594,234.27456860177384,230.7372693645474,234.27456860177384,10694621,WIPRO
71,2025-04-16,236.76022338867188,237.52504836712504,230.59384844032286,233.27072857099728,16203319,WIPRO
72,2025-04-17,226.48292541503906,227.3433589804182,221.94179445919988,224.6664788678326,54875421,WIPRO
73,2025-04-21,227.9647674560547,230.2114380442893,226.9609356062515,226.9609356062515,16298364,WIPRO
74,2025-04-22,223.85385131835938,228.49059090191665,223.2324392284416,227.9647728170045,18367713,WIPRO
75,2025-04-23,232.88832092285156,234.56136916342427,225.71811417753992,226.76973574749184,31898042,WIPRO
76,2025-04-24,232.07568359375,234.37014383740578,230.88064917771626,234.03554295360982,23000820,WIPRO
77,2025-04-25,230.30703735351562,235.32618213035408,227.58236751306862,233.22292437952927,16620430,WIPRO
78,2025-04-28,229.9246368408203,231.31087393747262,228.25158854779977,229.9246368408203,14218414,WIPRO
79,2025-04-29,230.78504943847656,232.88832176160133,229.3032183760337,230.97626662263193,16647246,WIPRO
80,2025-04-30,230.8806610107422,232.69710758108045,228.68179465498002,230.92846530739808,14206640,WIPRO
81,2025-05-02,231.052734375,234.99157785344963,230.16363574375234,231.3969048811204,10822257,WIPRO
82,2025-05-05,232.85964965820312,236.01452906962498,232.02789572604007,233.27073452426686,12170446,WIPRO
83,2025-05-06,230.5843048095703,235.08718674636222,230.0298070374891,233.7487539088033,8869045,WIPRO
84,2025-05-07,233.3089599609375,233.70093476268548,225.63205980019728,225.63205980019728,9130056,WIPRO
85,2025-05-08,230.9475860595703,235.02025823803473,228.7869544247762,232.41986209217805,11434833,WIPRO
86,2025-05-09,231.36822509765625,232.26689334025846,226.10051848106667,226.19612707242462,10582438,WIPRO
87,2025-05-12,245.96678161621094,246.59776333804783,234.1120451219244,234.3128027502575,19791711,WIPRO
88,2025-05-13,240.50787353515625,245.65130675971545,239.59963563280942,245.65130675971545,11714159,WIPRO
89,2025-05-14,241.81761169433594,242.5346323593957,239.72390901830983,240.5078586142634,8839105,WIPRO
90,2025-05-15,245.2880096435547,245.79470310723363,239.59963372293012,242.06618669463595,12083645,WIPRO
91,2025-05-16,243.1273651123047,245.69908156861143,242.381664786632,245.69908156861143,6640387,WIPRO
92,2025-05-19,240.67994689941406,243.5384746583959,240.23061276300297,243.12737520712,6788784,WIPRO
93,2025-05-20,238.7296600341797,243.4046344463817,238.34724023889126,241.87498444087518,9366429,WIPRO
94,2025-05-21,239.88644409179688,241.02411927198438,237.19045384040393,238.7296588628064,5313593,WIPRO
95,2025-05-22,235.12542724609375,238.90173329983332,234.22675897963038,238.05086933031822,11469037,WIPRO
96,2025-05-23,236.4829864501953,239.47535749023734,234.8003831348431,235.27839693227736,7437642,WIPRO
97,2025-05-26,239.23635864257812,239.81953607858665,237.28605411423132,237.56331029525484,3690751,WIPRO
98,2025-05-27,237.33384704589844,239.95336787014628,237.08528512638918,239.95336787014628,6861143,WIPRO
99,2025-05-28,236.54989624023438,239.140737391071,236.10057670009755,238.61491930645585,6205160,WIPRO
100,2025-05-29,239.14073181152344,240.6703817332923,237.19044201969984,238.67227305837383,11785042,WIPRO
101,2025-05-30,238.69140625,240.0680883113749,237.59198035844764,239.00689710471704,13858429,WIPRO
102,2025-06-02,236.78890991210938,237.49637559055304,235.37399314304562,236.71244054108845,5846259,WIPRO
103,2025-06-03,235.3931121826172,238.52888148156134,234.9246534162675,237.09484010992873,8573438,WIPRO
104,2025-06-04,236.0049591064453,238.82523743186326,235.67034363231838,235.67034363231838,6698150,WIPRO
105,2025-06-05,237.0374755859375,238.5193212216614,236.0240887062802,236.04319875424977,6468060,WIPRO
106,2025-06-06,237.6588897705078,238.98776750731147,236.23441802954062,236.23441802954062,4445411,WIPRO
107,2025-06-09,240.24017333984375,242.25739219424057,238.26120375928954,238.62449892167552,9193904,WIPRO
108,2025-06-10,243.66275024414062,244.5518634996342,240.75643275281624,241.77937470124814,10739851,WIPRO
109,2025-06-11,247.53468322753906,250.09683023683849,242.92662311522986,244.7621797999991,17268454,WIPRO
110,2025-06-12,248.19430541992188,251.43525291234172,245.0489956960389,248.56717017950135,14528657,WIPRO
111,2025-06-13,248.76792907714844,250.71823351466082,242.83100595890886,243.78703354142425,8692116,WIPRO
112,2025-06-16,251.33009338378906,253.64366368660225,246.65510472024687,248.5671597955976,10935361,WIPRO
113,2025-06-17,251.34921264648438,253.77753085038947,250.1541781805768,251.33010259826244,7528454,WIPRO
114,2025-06-18,250.08724975585938,253.92092966647772,249.551876648098,251.33964354462043,5016660,WIPRO
115,2025-06-19,253.90179443359375,254.72399333206667,250.29758092368093,251.29185778614354,14184486,WIPRO
116,2025-06-20,254.81959533691406,255.45057703087332,251.3109613361813,254.30333228264814,12904674,WIPRO
117,2025-06-23,251.66470336914062,253.53853852582162,250.29759086374162,252.39129370236992,6214062,WIPRO
118,2025-06-24,253.31863403320312,256.83680859480046,253.0700575212962,253.82532749356554,6319428,WIPRO
119,2025-06-25,257.5633850097656,258.0891884905033,254.15992927555354,254.20771898265866,5331739,WIPRO
120,2025-06-26,256.7124938964844,259.370249180491,255.4409901582738,257.2670061850603,8564099,WIPRO
121,2025-06-27,253.3950958251953,258.12744396820415,252.86929233181482,257.17141639795153,8906108,WIPRO
122,2025-06-30,254.2842254638672,255.01078658303396,251.33964418799587,254.39894410501742,7119563,WIPRO
123,2025-07-01,252.9170684814453,256.5499905590356,252.1044684308101,253.825306294754,3886095,WIPRO
124,2025-07-02,255.25936889648438,256.88462748481066,252.8215101896419,253.34731369875792,8750887,WIPRO
125,2025-07-03,255.30715942382812,258.9400818165316,254.73356620319072,256.5978025215564,9357962,WIPRO
126,2025-07-04,258.1752624511719,259.4659056499897,255.73740354557657,256.50221401676157,7141779,WIPRO
127,2025-07-07,255.97637939453125,258.65324489441184,255.54615532192918,258.1752311140299,4849218,WIPRO
128,2025-07-08,257.7928161621094,258.41422821794356,255.59396452588237,256.02415940654697,5519016,WIPRO
129,2025-07-09,256.024169921875,257.553819859123,253.203906113981,256.2153871048982,11564433,WIPRO
130,2025-07-10,253.3950958251953,255.78516475082685,251.57864927684457,255.78516475082685,6911031,WIPRO
131,2025-07-11,246.94190979003906,250.5270131794162,246.41610629652217,249.52319590064903,13109857,WIPRO
132,2025-07-14,243.07000732421875,248.13694172600904,240.58432983110347,246.94190727505418,10388421,WIPRO
133,2025-07-15,246.0814971923828,248.42377647110078,241.68377900674525,242.83100920352794,8750149,WIPRO
134,2025-07-16,251.24404907226562,252.39129389660022,244.79086258059118,246.08150571405562,12179338,WIPRO
135,2025-07-17,249.1407928466797,252.72589626683822,246.65511530690716,252.24788247748376,7484171,WIPRO
136,2025-07-18,255.21157836914062,259.94389746296383,253.9209352796809,256.7890180670817,30319126,WIPRO
137,2025-07-21,248.9017791748047,255.40275486275578,247.80235332435427,255.21156685760755,12190000,WIPRO
138,2025-07-22,248.28036499023438,250.62261496899794,247.37212715265252,250.192420079337,6724044,WIPRO
139,2025-07-23,249.9055938720703,250.24020934720517,246.79850435773062,248.80616803289453,6510321,WIPRO
140,2025-07-24,250.33583068847656,251.8176617851558,248.80618070683067,250.47922899208316,8139900,WIPRO
141,2025-07-25,247.8023681640625,250.52702351184462,244.79085785226582,250.28801660936216,8427780,WIPRO
142,2025-07-28,243.75680541992188,247.60738980612828,242.7332285894722,247.60738980612828,8998911,WIPRO
143,2025-07-29,245.46275329589844,246.34009633443347,241.02726376828457,242.9281836016165,12923128,WIPRO
144,2025-07-30,243.90301513671875,246.14513218703763,242.92818293003742,245.12155539507043,6057152,WIPRO
145,2025-07-31,242.05084228515625,243.85427296047746,239.85746979845484,241.85587881684572,7338764,WIPRO
146,2025-08-01,236.64051818847656,240.68606589658398,236.10435749981247,240.29613896378774,7436999,WIPRO
147,2025-08-04,239.8574676513672,240.21815080825093,235.0320511987707,236.64051839138318,5234393,WIPRO
148,2025-08-05,239.7209930419922,240.7348119985049,238.37571982827956,239.85746895680657,7383968,WIPRO
149,2025-08-06,233.92074584960938,239.80872590831794,233.2870959823132,239.80872590831794,7700190,WIPRO
150,2025-08-07,236.2213592529297,237.05970071274936,232.60472504073846,233.0921411684065,6190830,WIPRO
151,2025-08-08,233.0336456298828,237.12793798708202,232.3999957607658,236.2993246485287,8922847,WIPRO
152,2025-08-11,235.53895568847656,238.5901852899006,232.61445903528065,233.0336446237802,3047287,WIPRO
153,2025-08-12,235.63644409179688,240.09141957743057,235.03205287869676,236.59177549712652,8101435,WIPRO
154,2025-08-13,235.56820678710938,236.77700412958293,234.07671463760067,236.77700412958293,5820844,WIPRO
155,2025-08-14,240.5983428955078,242.17756636517944,236.30908698725327,236.98172361315326,12857225,WIPRO
156,2025-08-18,239.0386199951172,242.7429706054472,238.59993358753013,242.3822874367516,5789317,WIPRO
157,2025-08-19,240.7445831298828,241.27098600900808,238.61944105359495,239.28233472982822,4090961,WIPRO
158,2025-08-20,244.52691650390625,246.52532557896734,239.12635241728586,239.12635241728586,10099384,WIPRO
159,2025-08-21,243.62033081054688,246.3791078589765,243.32787816102336,246.3791078589765,7607486,WIPRO
160,2025-08-22,242.38229370117188,246.6325629702745,241.37821765850688,245.65773070556986,13572686,WIPRO
161,2025-08-25,247.451416015625,250.81459919486161,244.2929690295729,244.2929690295729,16391069,WIPRO
162,2025-08-26,245.6869659423828,248.40675619622257,244.9850855462151,246.63255439625433,15797327,WIPRO
163,2025-08-28,244.34169006347656,245.99891673776128,242.81121121251053,245.67722032009752,5851451,WIPRO
164,2025-08-29,243.13291931152344,246.73005275714573,242.4017951111859,244.19548291273827,10117017,WIPRO
165,2025-09-01,244.0590057373047,246.62281934658193,243.123160220783,243.142661030958,3198345,WIPRO
166,2025-09-02,244.61463928222656,246.77876797811365,243.31812553289043,244.05899265747667,5046939,WIPRO
167,2025-09-03,243.2791290283203,246.04764899259635,242.85020046700103,245.56023287741706,3862765,WIPRO
168,2025-09-04,238.80465698242188,244.03950139425618,238.2879970809629,243.2206458758789,5021036,WIPRO
169,2025-09-05,237.53736877441406,241.09551535487674,235.19777736172693,239.90621883891225,6233782,WIPRO
170,2025-09-08,236.41632080078125,240.77382213657367,236.1043673417334,238.21000856602762,6596932,WIPRO
171,2025-09-09,242.8794403076172,243.5618347576162,238.83389256709856,238.83389256709856,12836972,WIPRO
172,2025-09-10,249.31333923339844,250.69761406985873,242.97692982961703,243.02567441536718,15261331,WIPRO
173,2025-09-11,247.5196533203125,249.26459645464794,245.82343989732132,249.26459645464794,5865301,WIPRO
174,2025-09-12,245.5992431640625,249.45957060265388,244.5074357874524,248.4652524024239,5345794,WIPRO
175,2025-09-15,244.95584106445312,245.45300014582503,243.31813006128027,245.17030534459616,3700703,WIPRO
176,2025-09-16,247.61712646484375,248.0947996068193,243.90301809234163,245.65771906058336,7316998,WIPRO
177,2025-09-17,247.75360107421875,249.06963051215138,246.4863310966648,246.92500261772264,7339871,WIPRO
178,2025-09-18,250.46363830566406,253.26140205244997,249.557051469507,250.53188370180976,10498239,WIPRO
179,2025-09-19,249.44007873535156,251.17527893538278,248.28976895541248,250.53188608599783,10741757,WIPRO
180,2025-09-22,244.02975463867188,245.44325840137773,240.98828283204853,242.29455445414862,15784007,WIPRO
181,2025-09-23,243.34738159179688,245.6577292858718,242.48952444389133,243.92252905470636,8674114,WIPRO
182,2025-09-24,238.43421936035156,242.8502083166328,238.10277996125882,242.08009737465142,7888797,WIPRO
183,2025-09-25,235.90940856933594,239.45779742555374,235.20752814724804,239.27257691489723,7957740,WIPRO
184,2025-09-26,229.8166961669922,235.47072602537375,229.09531496833094,235.37323685334195,16999628,WIPRO
185,2025-09-29,233.60879516601562,234.72984628139795,230.34310124332197,230.9182635642424,8894412,WIPRO
186,2025-09-30,233.3455810546875,235.42197841930238,232.98489789736342,233.89148471164037,5590909,WIPRO
187,2025-10-01,235.0028076171875,237.43988813817003,231.85408887425157,233.95973001432264,9479378,WIPRO
188,2025-10-03,234.91506958007812,235.32449733686522,232.0685612175871,234.91506958007812,10968346,WIPRO
189,2025-10-06,236.0361328125,236.8452453490659,233.29685662380936,233.95973540089406,6064946,WIPRO
190,2025-10-07,237.40089416503906,238.83389874750486,236.04587794672727,236.786745094051,6587728,WIPRO
191,2025-10-08,238.1222686767578,240.14992146342618,236.46505689070705,237.1279356552237,7360563,WIPRO
192,2025-10-09,240.1986541748047,240.5885959894731,237.04020728716665,237.8493198184994,4629760,WIPRO
193,2025-10-10,242.44078063964844,244.9266058832664,240.05244457215662,241.75840103104505,7070200,WIPRO
194,2025-10-13,238.96063232421875,241.46594345215223,238.35622621913274,239.86721916970842,6717589,WIPRO
195,2025-10-14,242.16781616210938,243.85427172283678,238.94112392245552,239.6137605282582,7888607,WIPRO
196,2025-10-15,243.91278076171875,245.78445687329972,242.28479783482518,243.7080594468892,13278925,WIPRO
197,2025-10-16,247.4221649169922,247.67563081561443,242.5382608193318,244.0979834561764,10661302,WIPRO
198,2025-10-17,234.8370819091797,243.70806129004103,233.09213873523723,243.70806129004103,43802251,WIPRO
199,2025-10-20,235.1685333251953,235.8509129135795,233.24811263554014,234.83707906104348,9871824,WIPRO
200,2025-10-21,235.28550720214844,236.0653759596895,234.31067497391194,234.93456700499294,2082336,WIPRO
201,2025-10-23,238.15151977539062,241.56343262353442,237.24491805515171,238.63893589655402,18964626,WIPRO
202,2025-10-24,236.86473083496094,239.69175322388642,236.06537614206434,238.83389610245257,6803979,WIPRO
203,2025-10-27,237.77133178710938,239.54551870335686,236.94271844519798,237.1669256922204,9550336,WIPRO
204,2025-10-28,236.27984619140625,238.5414492830063,235.32449987384408,237.52763028499794,8780789,WIPRO
205,2025-10-29,236.18235778808594,237.46914350586005,235.55846573925115,237.46914350586005,8776917,WIPRO
206,2025-10-30,235.83140563964844,238.60968337840853,234.44714569122434,236.77699407004698,8344622,WIPRO
207,2025-10-31,234.6128692626953,237.06945062894138,234.44714956980002,236.01663004340736,5659566,WIPRO
208,2025-11-03,234.44715881347656,235.2172697549134,233.47232655229786,234.61287851290575,4902693,WIPRO
209,2025-11-04,231.9320831298828,234.7785914657564,231.5421561865202,234.4471520764222,6848284,WIPRO
210,2025-11-06,234.00848388671875,234.56413053267985,232.37075797674785,233.95973929941277,7141517,WIPRO
211,2025-11-07,230.5380859375,233.2286176133613,230.0604127763982,232.69245689676944,5520619,WIPRO
212,2025-11-10,233.8037567138672,235.47072635951724,231.05473758082863,231.46416532937656,8566758,WIPRO
213,2025-11-11,235.60720825195312,235.95814845600435,232.79968661954322,235.0320607959346,8831094,WIPRO
214,2025-11-12,239.04835510253906,240.1011756715635,236.0068833751967,236.64051836014002,13152546,WIPRO
215,2025-11-13,239.1555938720703,239.80872968420658,237.8590652152293,239.80872968420658,6211124,WIPRO
216,2025-11-14,238.21974182128906,239.71123390899896,236.0556131303455,237.78107030280245,6841554,WIPRO
217,2025-11-17,237.90780639648438,238.61942975254223,236.58203398156658,237.82981803387048,6559062,WIPRO
218,2025-11-18,234.8370819091797,237.85906781908002,234.25219148693935,236.81599017687407,4730012,WIPRO
219,2025-11-19,239.87696838378906,240.63733631548203,234.48613259278574,235.12952541952873,13298452,WIPRO
220,2025-11-20,240.0621795654297,241.56342952924817,239.5260337388253,241.27097688534437,6705862,WIPRO
221,2025-11-21,238.3367462158203,241.02727791672132,237.4788890612896,238.8339053168725,5516450,WIPRO
222,2025-11-24,241.04676818847656,243.10366477606482,238.85339568452147,238.85339568452147,19711070,WIPRO
223,2025-11-25,239.45779418945312,241.75839890303692,237.85906988847182,241.75839890303692,8188793,WIPRO
224,2025-11-26,243.89328002929688,244.24422023000196,239.43828956131182,239.8087305717115,8202096,WIPRO
225,2025-11-27,243.2791290283203,245.57973368695687,241.4561975174728,244.09798453187923,5268129,WIPRO
226,2025-11-28,243.24989318847656,245.647987098301,242.34330632454626,244.68289780384242,7049965,WIPRO
227,2025-12-01,243.98101806640625,244.4391904208848,242.59675803523524,243.805555398611,3865446,WIPRO
228,2025-12-02,243.873779296875,245.121563372053,242.60649441199627,243.70805960131725,8535708,WIPRO
229,2025-12-03,248.280029296875,250.65862237799195,244.24422435793778,244.29296894561833,17215454,WIPRO
230,2025-12-04,250.46363830566406,252.2865698201472,249.0696353533556,249.557051469507,10687381,WIPRO
231,2025-12-05,253.36865234375,254.528705095151,251.21428141237067,251.7016975348242,7886562,WIPRO
232,2025-12-08,254.80165100097656,256.44911983647165,253.17366810009898,253.46613561647285,9684253,WIPRO
233,2025-12-09,250.9315643310547,255.23057797425164,250.58060926348844,254.80164941918085,8560580,WIPRO
234,2025-12-10,251.4872283935547,253.81706194413258,250.77559015869068,251.51647217035628,7944200,WIPRO
235,2025-12-11,252.72525024414062,253.4368884667086,251.233758153992,251.8089055874984,6473376,WIPRO
236,2025-12-12,254.04129028320312,254.25575456816978,250.88281356373759,252.96896885836975,4008271,WIPRO
237,2025-12-15,255.15257263183594,255.89345462984815,252.03312741558292,253.44661626763695,4023911,WIPRO
238,2025-12-16,252.69601440429688,255.1623387811405,252.28657177377085,255.1525809388959,2982041,WIPRO
239,2025-12-17,254.5677032470703,255.53277763653588,251.80891137183292,252.48154799161765,4923276,WIPRO
240,2025-12-18,257.2095031738281,258.32079650390807,254.43122522434786,254.60668789496253,9008412,WIPRO
241,2025-12-19,257.7944030761719,260.2802134395507,256.67332217747196,260.2802134395507,12750745,WIPRO
242,2025-12-22,265.8075256347656,266.2266963670133,260.0852352744315,260.77738759923454,14651313,WIPRO
243,2025-12-23,264.5694580078125,265.622293462953,263.40940528846386,265.15436328849967,7572420,WIPRO
244,2025-12-24,261.31353759765625,264.1600609341609,260.47519611983154,264.1210593132444,4694861,WIPRO
245,2025-12-26,259.5978088378906,262.112892630566,259.05190517349195,260.47518163736993,2899112,WIPRO
246,2025-12-29,257.58966064453125,260.66040598902146,256.9657834829414,259.29561705835073,3755074,WIPRO
247,2025-12-30,257.0145263671875,258.05760405355176,256.40037726681373,257.3557236173418,5117699,WIPRO
248,2025-12-31,256.6538391113281,257.94062484889497,254.6846886337934,257.35571953640823,5705044,WIPRO
249,2026-01-01,260.62139892578125,261.30376362734427,257.1119969978968,257.84312115997614,3639755,WIPRO
250,2026-01-02,262.2298583984375,265.5442818855403,259.45158071457286,260.6213912392056,8286204,WIPRO
251,2026-01-05,256.6733093261719,262.86349981760594,255.113601587763,262.66855122506394,7006599,WIPRO
252,2026-01-06,258.9154357910156,259.402851886349,256.332136435652,256.67330390277135,4083654,WIPRO
253,2026-01-07,263.98455810546875,265.64178480959305,257.8431269069261,258.3305430258428,10242615,WIPRO
254,2026-01-08,255.6010284423828,264.08205118733326,254.77241507805792,264.08205118733326,9269522,WIPRO
255,2026-01-09,255.35731506347656,257.3069795274099,253.89506671552655,254.7724097743928,4735387,WIPRO
256,2026-01-12,256.4783630371094,257.8431221952334,252.53027469631817,254.13877165896557,3802164,WIPRO
257,2026-01-13,257.5506896972656,258.1843247033359,254.72365240176612,256.8195655172956,6931244,WIPRO
258,2026-01-14,253.6513671875,257.3557178937383,253.06646187874662,257.3557178937383,5625861,WIPRO
259,2026-01-15,253.6513671875,253.6513671875,253.6513671875,253.6513671875,0,WIPRO
260,2026-01-16,260.7189025878906,263.00973462344757,256.3808870853084,256.62459515288,12028289,WIPRO
261,2026-01-19,239.75997924804688,245.6577170977665,235.47072347084665,245.6577170977665,65833247,WIPRO
262,2026-01-20,233.86224365234375,239.80872614486398,233.37482754229322,239.75998155890707,16796201,WIPRO
263,2026-01-21,233.5210723876953,236.4943137751243,231.6201524431948,233.86225475607444,14397792,WIPRO
264,2026-01-22,234.59336853027344,236.78674103216582,233.17986478178355,235.90939798131257,8537915,WIPRO
265,2026-01-23,232.39999389648438,237.42038872406175,231.86384807852525,236.2018484564108,13546802,WIPRO
266,2026-01-27,234.8000030517578,236.39999389648438,231.75,235.1999969482422,15677537,WIPRO
267,2026-01-28,237.35000610351562,238.10000610351562,234.9499969482422,235.5,10155128,WIPRO
268,2026-01-29,239.8000030517578,240.89999389648438,235.4499969482422,236.1999969482422,12201949,WIPRO
269,2026-01-30,236.89999389648438,238.0,235.3000030517578,238.0,11362317,WIPRO
270,2026-02-02,242.3000030517578,244.0800018310547,239.2899932861328,244.0,12335721,WIPRO
271,2026-02-03,242.69000244140625,259.8900146484375,242.27999877929688,259.2099914550781,25915412,WIPRO
272,2026-02-04,233.33999633789062,235.9199981689453,226.25999450683594,235.91000366210938,25995324,WIPRO
0,2025-01-01,5600.50390625,5609.931090812145,5530.810318528558,5553.3173722122065,150254,LTIM
1,2025-01-02,5679.18017578125,5697.245491495088,5572.566904593396,5587.325138178238,371309,LTIM
2,2025-01-03,5659.78271484375,5705.784464541526,5626.81166918455,5705.784464541526,285435,LTIM
3,2025-01-06,5657.75927734375,5813.384947100416,5635.1037636805295,5768.913584145733,394865,LTIM
4,2025-01-07,5683.03076171875,5765.0142041286035,5664.373052743287,5710.522781175309,152237,LTIM
5,2025-01-08,5806.32666015625,5824.243516265817,5588.805875820156,5676.169528564144,254792,LTIM
6,2025-01-09,5765.705078125,5826.513742960938,5736.485048391818,5822.170335760039,211300,LTIM
7,2025-01-10,6045.76220703125,6073.7974527714105,5806.47473528776,5806.47473528776,1095351,LTIM
8,2025-01-13,5953.31494140625,6078.881881389452,5927.8955723822955,6015.752809008778,453385,LTIM
9,2025-01-14,5678.044921875,5965.308452242132,5650.256467143881,5953.314555881714,469510,LTIM
10,2025-01-15,5762.59521484375,5829.623759214789,5617.927120954369,5691.964115168316,315806,LTIM
11,2025-01-16,5902.03173828125,5954.104425838082,5780.364273989697,5801.983462584733,507014,LTIM
12,2025-01-17,5814.66796875,5903.21640766972,5695.912821447205,5779.821415870604,766633,LTIM
13,2025-01-20,5750.5029296875,5823.010024170563,5716.347579448379,5809.436574230772,173144,LTIM
14,2025-01-21,5684.4619140625,5806.376171198581,5667.236261674183,5746.258225013171,157604,LTIM
15,2025-01-22,5774.78662109375,5797.688923651732,5618.91416878711,5671.282808845082,203767,LTIM
16,2025-01-23,5924.9833984375,5981.893557213556,5746.258275859208,5746.258275859208,283420,LTIM
17,2025-01-24,5921.13330078125,5970.294155025775,5885.052797760203,5946.256714071963,219285,LTIM
18,2025-01-27,5612.69580078125,5851.983288207374,5547.839196023055,5780.364541051683,418147,LTIM
19,2025-01-28,5592.65576171875,5654.945649600495,5537.967198090037,5577.453595224369,262239,LTIM
20,2025-01-29,5807.21533203125,5863.730240493923,5602.08368241596,5602.08368241596,248653,LTIM
21,2025-01-30,5765.2607421875,5847.836573371138,5741.766528817084,5837.125791800746,178832,LTIM
22,2025-01-31,5838.2119140625,5878.537494368272,5748.47917113015,5789.693098987392,225354,LTIM
23,2025-02-01,5830.462890625,5872.466837655021,5787.867033206848,5838.212192994687,104183,LTIM
24,2025-02-03,5716.29736328125,5794.430972755451,5659.832106358905,5774.885399592267,315896,LTIM
25,2025-02-04,5826.46484375,5841.667010652967,5745.221772267225,5757.363646907694,251536,LTIM
26,2025-02-05,5947.3427734375,6018.665080183184,5794.776913191791,5824.243734249613,372380,LTIM
27,2025-02-06,5868.517578125,6006.818775343896,5830.5119222974645,5973.008549055764,82706,LTIM
28,2025-02-07,5880.1171875,5919.9983539792265,5807.610094728706,5898.182022188702,96121,LTIM
29,2025-02-10,5723.45458984375,5922.959712564297,5700.848723343135,5889.396274193099,107380,LTIM
30,2025-02-11,5604.79833984375,5742.260365307439,5578.440975908868,5690.97721219512,173609,LTIM
31,2025-02-12,5632.2412109375,5639.743723114641,5535.055119050039,5605.094311752367,181440,LTIM
32,2025-02-13,5529.52734375,5671.184797830756,5508.352569830113,5602.181931104708,240957,LTIM
33,2025-02-14,5440.8310546875,5584.4131849017995,5405.737228110738,5559.685020150593,325701,LTIM
34,2025-02-17,5402.33203125,5453.664352379276,5342.658015132524,5414.621884313337,334769,LTIM
35,2025-02-18,5595.81494140625,5612.0042680462975,5405.687840250048,5430.613628775672,368623,LTIM
36,2025-02-19,5399.86328125,5584.363363865974,5389.89287019767,5584.363363865974,300572,LTIM
37,2025-02-20,5325.974609375,5379.922803117206,5286.290587406363,5369.162856288518,319665,LTIM
38,2025-02-21,5230.46728515625,5352.776313342159,5199.371745006694,5315.955437969754,186213,LTIM
39,2025-02-24,4982.640625,5215.16595573763,4876.5700967904395,5167.782278683795,1199262,LTIM
40,2025-02-25,4899.47265625,4996.954705283935,4863.737271799457,4969.807805552966,486917,LTIM
41,2025-02-27,4815.958984375,4916.056914299967,4799.572031591654,4887.429273634364,243046,LTIM
42,2025-02-28,4606.0390625,4786.7384946586735,4590.738083603896,4763.046656367931,562521,LTIM
43,2025-03-03,4772.12890625,4791.328878405047,4571.586973303661,4607.963914497375,460970,LTIM
44,2025-03-04,4624.8447265625,4719.612089155883,4580.422525346851,4653.4723673459175,456566,LTIM
45,2025-03-05,4712.2080078125,4752.8295432361765,4609.049793333312,4609.049793333312,437483,LTIM
46,2025-03-06,4761.17138671875,4784.764413792713,4722.030589989901,4742.365699929148,331678,LTIM
47,2025-03-07,4661.3203125,4752.23736206549,4637.036080318052,4752.23736206549,324150,LTIM
48,2025-03-10,4610.974609375,4718.6242009026455,4602.830540409007,4672.178521604281,253711,LTIM
49,2025-03-11,4594.6865234375,4617.93394594429,4463.937003753758,4540.935474849024,241860,LTIM
50,2025-03-12,4428.30078125,4609.148679261196,4408.656394390278,4561.666188642516,582088,LTIM
51,2025-03-13,4409.6923828125,4519.217965139272,4380.472835750769,4453.078252674368,483273,LTIM
52,2025-03-17,4303.81982421875,4387.926046073019,4184.571093206643,4371.341951459472,1122866,LTIM
53,2025-03-18,4303.81982421875,4303.81982421875,4303.81982421875,4303.81982421875,0,LTIM
54,2025-03-19,4309.3974609375,4401.746078549584,4270.45380933068,4401.746078549584,596998,LTIM
55,2025-03-20,4364.3818359375,4457.026887690838,4329.387307166948,4376.672169329486,867249,LTIM
56,2025-03-21,4462.20947265625,4474.499806036009,4205.1034876601525,4294.145502141405,748890,LTIM
57,2025-03-24,4561.07373046875,4583.77840928834,4446.168408844988,4500.462206022269,465723,LTIM
58,2025-03-25,4547.25341796875,4616.996170817524,4501.794895868773,4616.996170817524,646427,LTIM
59,2025-03-26,4560.43212890625,4599.128991325759,4522.377306056543,4565.614718586808,359284,LTIM
60,2025-03-27,4596.1181640625,4618.921656546533,4501.00520131943,4528.152101416679,390826,LTIM
61,2025-03-28,4433.68115234375,4566.996917236612,4417.5409899780225,4481.755555027653,447846,LTIM
62,2025-04-01,4369.7626953125,4425.882839550215,4318.825141244278,4417.146376862152,230709,LTIM
63,2025-04-02,4442.12109375,4451.055180768283,4340.147660709056,4392.615117198245,269265,LTIM
64,2025-04-03,4286.19970703125,4392.862156014734,4248.243210878518,4334.619713946224,505177,LTIM
65,2025-04-04,4083.140625,4290.197438803264,4048.3432343608342,4254.659678150499,661108,LTIM
66,2025-04-07,4005.055908203125,4047.355808605155,3753.182142516292,3849.9238179414883,433019,LTIM
67,2025-04-08,4122.23193359375,4183.041082325792,4010.63345412841,4116.901366317835,390791,LTIM
68,2025-04-09,4055.10498046875,4118.036425472641,3973.071894578989,4061.916287525659,564545,LTIM
69,2025-04-11,4186.34765625,4198.637990235757,4113.544611101023,4181.955083749718,473127,LTIM
70,2025-04-15,4262.16162109375,4272.42798750798,4186.3474526259815,4270.453667735564,344488,LTIM
71,2025-04-16,4221.39208984375,4273.909194333046,4200.365774774711,4252.784066862257,254885,LTIM
72,2025-04-17,4138.07568359375,4177.167313879971,3988.224996510213,4096.713778235113,783069,LTIM
73,2025-04-21,4242.22119140625,4294.145902631213,4146.071905988757,4155.943505764921,556193,LTIM
74,2025-04-22,4264.92578125,4304.017411944311,4193.554309173125,4244.787814532233,551413,LTIM
75,2025-04-23,4478.44873046875,4501.449364460549,4343.404960327917,4343.503772725091,1156118,LTIM
76,2025-04-24,4475.5859375,4530.866899010667,4389.209435139583,4526.128723685874,1019766,LTIM
77,2025-04-25,4440.54150390625,4540.738240943832,4389.209185423942,4466.997680331077,589535,LTIM
78,2025-04-28,4429.0908203125,4471.735841714241,4355.547402711739,4452.091454757452,246396,LTIM
79,2025-04-29,4539.06005859375,4585.357761766626,4437.283775918404,4437.283775918404,446566,LTIM
80,2025-04-30,4527.609375,4584.765843039496,4498.58696717799,4538.9617150877575,299487,LTIM
81,2025-05-02,4514.18359375,4654.459117642693,4478.843460698555,4540.935724529457,417574,LTIM
82,2025-05-05,4561.86376953125,4613.985622266942,4531.162998577669,4540.836973316469,269019,LTIM
83,2025-05-06,4478.349609375,4638.66427753352,4462.949818839975,4547.845568545845,386507,LTIM
84,2025-05-07,4500.56103515625,4532.446108812442,4421.291801775616,4442.219785570091,203025,LTIM
85,2025-05-08,4541.13330078125,4612.80072605819,4490.09693961816,4506.385078455952,551222,LTIM
86,2025-05-09,4562.2587890625,4600.560404565586,4442.515990893272,4453.177608185975,223407,LTIM
87,2025-05-12,4876.96484375,4913.094993753174,4641.724824175454,4689.0096886332285,719620,LTIM
88,2025-05-13,4856.3330078125,4974.496237721575,4842.216814396669,4905.1974216526705,526485,LTIM
89,2025-05-14,4969.56103515625,4997.299845381385,4876.5703709063455,4906.08635832791,347597,LTIM
90,2025-05-15,4969.26416015625,4990.093330599267,4891.377339885136,4975.285931992147,348072,LTIM
91,2025-05-16,4982.98583984375,5023.459398094589,4958.010885727789,4975.286184981196,191664,LTIM
92,2025-05-19,4955.64208984375,5014.180485953837,4917.833572045888,4982.492553056309,215837,LTIM
93,2025-05-20,4951.001953125,5064.13058062672,4928.790854087164,4985.157784047746,456026,LTIM
94,2025-05-21,4969.16552734375,5009.244317424428,4919.017995053361,4994.042150707396,236378,LTIM
95,2025-05-22,4958.7021484375,5033.331056474784,4906.382670087337,4936.293424339447,342893,LTIM
96,2025-05-23,5026.037109375,5065.083770749147,4963.3835647254355,4980.416687068975,263133,LTIM
97,2025-05-26,5091.57958984375,5115.784219943979,5021.455421471349,5034.703135064365,232194,LTIM
98,2025-05-27,5087.69482421875,5096.958204285235,5036.197123483711,5080.0247883241545,147941,LTIM
99,2025-05-28,5079.32763671875,5136.801840613457,5052.134755786592,5114.987712502418,194327,LTIM
100,2025-05-29,5108.11474609375,5256.132340376836,5094.966251542243,5129.729462612337,539696,LTIM
101,2025-05-30,5049.046875,5139.491536424656,5027.133040955134,5110.206296378724,349175,LTIM
102,2025-06-02,5052.6328125,5101.9389385165105,4981.412852698373,5036.197437161163,225717,LTIM
103,2025-06-03,5041.177734375,5095.464275873407,5000.338317834914,5077.534775928979,229510,LTIM
104,2025-06-04,5132.8173828125,5150.248841030862,5023.746258531893,5065.08371659258,220305,LTIM
105,2025-06-05,5161.20556640625,5186.107648652734,5103.432735594407,5164.691857920758,217932,LTIM
106,2025-06-06,5183.61767578125,5198.5589258075215,5138.295884034892,5179.63334244091,154159,LTIM
107,2025-06-09,5237.40625,5266.292667126284,5190.092290913845,5190.092290913845,132596,LTIM
108,2025-06-10,5363.90869140625,5423.673690753395,5238.900234438473,5259.319942548746,428695,LTIM
109,2025-06-11,5372.87353515625,5397.775618652525,5312.11245142534,5388.810868593866,196348,LTIM
110,2025-06-12,5393.791015625,5477.462011989266,5335.520143157029,5388.810599174746,339679,LTIM
111,2025-06-13,5407.736328125,5466.505243829434,5286.214163448034,5290.198496716131,209830,LTIM
112,2025-06-16,5428.15625,5476.96433445729,5344.983289751353,5398.771790989999,176060,LTIM
113,2025-06-17,5492.9013671875,5532.74469925523,5428.653994228284,5438.614827245217,349300,LTIM
114,2025-06-18,5429.15234375,5521.788096060568,5408.732634907347,5492.901678673401,181165,LTIM
115,2025-06-19,5346.97509765625,5433.634343836596,5239.39810239789,5433.634343836596,377075,LTIM
116,2025-06-20,5355.44189453125,5412.716684624349,5223.9588981436145,5346.975186430531,442064,LTIM
117,2025-06-23,5306.6337890625,5370.3831203623595,5284.221914777393,5304.143580808599,123073,LTIM
118,2025-06-24,5315.5986328125,5378.84992358053,5303.1475913227305,5373.869506984623,171186,LTIM
119,2025-06-25,5414.708984375,5443.097359293081,5320.081067981398,5339.006651260118,345355,LTIM
120,2025-06-26,5351.95556640625,5438.614813433486,5329.543692175068,5438.614813433486,275607,LTIM
121,2025-06-27,5272.26904296875,5403.752041962114,5259.319959734555,5373.371500528041,275493,LTIM
122,2025-06-30,5296.1748046875,5304.143470934914,5220.472475337067,5298.665012889816,137935,LTIM
123,2025-07-01,5283.22607421875,5366.89707539416,5264.798532293214,5296.175157733992,242101,LTIM
124,2025-07-02,5283.72412109375,5361.418622261685,5254.837703992851,5299.163412992506,201256,LTIM
125,2025-07-03,5303.6455078125,5318.5867572476,5276.751258829321,5306.135716051684,149303,LTIM
126,2025-07-04,5295.1787109375,5329.54358406153,5270.774670603044,5303.645418808638,154919,LTIM
127,2025-07-07,5329.0458984375,5353.9479820750585,5284.720189562646,5296.175148035923,218259,LTIM
128,2025-07-08,5347.97119140625,5393.292981163931,5314.602401145101,5330.041692161454,199345,LTIM
129,2025-07-09,5308.6259765625,5367.892933238636,5270.774810954212,5353.449725309158,248609,LTIM
130,2025-07-10,5299.1630859375,5327.551459612166,5256.331504603795,5319.084751674108,164263,LTIM
131,2025-07-11,5185.60986328125,5256.33178035635,5150.2489047437,5219.476696810171,372811,LTIM
132,2025-07-14,5137.7978515625,5185.60985173214,5081.519143029487,5180.629435047802,181796,LTIM
133,2025-07-15,5229.935546875,5252.845463564482,5138.295880117073,5142.778255121536,152240,LTIM
134,2025-07-16,5306.1357421875,5317.092658493875,5220.970619987945,5238.900119398377,210384,LTIM
135,2025-07-17,5174.15478515625,5314.104491059504,5133.813410856736,5306.135824531205,501952,LTIM
136,2025-07-18,5103.93115234375,5218.480739096195,5050.640692419786,5218.480739096195,1230478,LTIM
137,2025-07-21,5133.8134765625,5146.762559836717,5096.958393397422,5104.927060027709,182552,LTIM
138,2025-07-22,5155.22900390625,5184.115418960502,5122.358255741067,5141.781879656857,179391,LTIM
139,2025-07-23,5277.24951171875,5289.202511745293,5138.295886410187,5179.633344835315,312770,LTIM
140,2025-07-24,5185.60986328125,5282.727988842126,5169.672529855876,5281.233863833498,282828,LTIM
141,2025-07-25,5076.04052734375,5203.53919051094,5050.640403040911,5169.672358107155,364335,LTIM
142,2025-07-28,5027.232421875,5114.88775239313,5008.306839149495,5070.064003832723,172801,LTIM
143,2025-07-29,5036.6953125,5069.068020431622,4986.393104790863,5025.24035430881,198271,LTIM
144,2025-07-30,5119.3701171875,5128.8329085316545,5025.738287045341,5037.193244988265,152345,LTIM
145,2025-07-31,5086.00146484375,5129.829131207464,5047.154215112276,5050.142465091621,152446,LTIM
146,2025-08-01,4997.84814453125,5079.526978183779,4987.88731115899,5072.056353154584,277363,LTIM
147,2025-08-04,5069.06787109375,5082.514995530725,4920.153418995398,4994.8596658674805,226983,LTIM
148,2025-08-05,5111.4013671875,5129.330866283159,5025.2401632000265,5080.024743770096,183181,LTIM
149,2025-08-06,5015.77734375,5111.89938002681,5002.330219504021,5104.92679708445,231816,LTIM
150,2025-08-07,5017.76953125,5069.565861895161,4939.576993641439,4991.3733242866,236366,LTIM
151,2025-08-08,4992.36962890625,5034.703170252721,4972.4479623902635,5011.295212096437,130871,LTIM
152,2025-08-11,5046.65625,5055.122958403237,4967.467624346195,4992.369707885127,79531,LTIM
153,2025-08-12,5086.99755859375,5119.86830843389,5026.2364755559165,5046.656183789943,156885,LTIM
154,2025-08-13,5094.46826171875,5111.899720234749,5035.699344436239,5109.907553547207,237765,LTIM
155,2025-08-14,5087.99365234375,5251.351318550558,5080.024985699515,5129.8291522259815,493674,LTIM
156,2025-08-18,5069.56591796875,5128.832873881735,5004.820503946161,5128.832873881735,285502,LTIM
157,2025-08-19,5090.98193359375,5102.43689196517,5023.746308370197,5071.558308529168,89784,LTIM
158,2025-08-20,5160.20947265625,5219.476428282743,5059.605060584388,5060.103102228309,330652,LTIM
159,2025-08-21,5214.49609375,5232.923634864494,5122.358388177531,5185.609677948902,192476,LTIM
160,2025-08-22,5204.037109375,5236.907857697208,5182.621318801441,5214.495983841157,94919,LTIM
161,2025-08-25,5272.26904296875,5329.045792534066,5228.441376637628,5232.425709940458,230351,LTIM
162,2025-08-26,5145.2685546875,5284.22218228965,5125.844929323758,5229.4375979303795,239811,LTIM
163,2025-08-28,5102.93505859375,5168.676560422207,5047.652432056184,5145.268601437832,318813,LTIM
164,2025-08-29,5113.3935546875,5129.330887282221,5053.130515813712,5090.981680726174,204015,LTIM
165,2025-09-01,5176.64501953125,5194.574519310269,5094.468145544079,5100.942687130947,137689,LTIM
166,2025-09-02,5222.962890625,5248.861056955933,5147.7585999332505,5169.672432982502,251752,LTIM
167,2025-09-03,5170.66845703125,5214.4961226273535,5117.876041654125,5209.515706082342,257165,LTIM
168,2025-09-04,5189.59423828125,5215.492405305303,5151.245029418711,5214.496321958223,107889,LTIM
169,2025-09-05,5175.15087890625,5244.378669510424,5049.146339173473,5177.1430455423415,245302,LTIM
170,2025-09-08,5069.06787109375,5221.4686147127995,5052.632496781892,5181.625283047689,153438,LTIM
171,2025-09-09,5165.18994140625,5187.6018156096325,5084.507194274072,5084.507194274072,177812,LTIM
172,2025-09-10,5286.21435546875,5377.8540239637805,5158.715686258273,5189.594270207685,589857,LTIM
173,2025-09-11,5270.77490234375,5314.104526883474,5194.5745281532,5314.104526883474,172477,LTIM
174,2025-09-12,5311.6142578125,5331.535924039646,5270.276800391175,5285.716091717212,119090,LTIM
175,2025-09-15,5320.5791015625,5333.030143174319,5274.261226766533,5319.084976569082,93202,LTIM
176,2025-09-16,5354.44580078125,5367.892925385575,5304.641635580048,5334.0260930487575,203709,LTIM
177,2025-09-17,5401.759765625,5422.677515040107,5352.453642003677,5354.445808614639,233186,LTIM
178,2025-09-18,5502.8623046875,5596.992178484761,5429.6501806229635,5433.634513905387,603028,LTIM
179,2025-09-19,5487.9208984375,5543.20352115522,5456.046233086742,5502.862147820668,130106,LTIM
180,2025-09-22,5239.3984375,5358.928439876426,5171.166727810123,5334.026356048003,488338,LTIM
181,2025-09-23,5241.888671875,5278.245714444774,5196.0688374035035,5259.818172320368,263293,LTIM
182,2025-09-24,5186.60595703125,5254.339624225052,5174.1549152676835,5243.382707473113,262080,LTIM
183,2025-09-25,5193.57861328125,5217.484613802682,5164.692195984519,5164.692195984519,246653,LTIM
184,2025-09-26,5055.123046875,5178.637383389778,5022.252296028325,5169.672633158867,284891,LTIM
185,2025-09-29,5137.7978515625,5167.182310000091,4990.377517706112,5080.025018024186,212172,LTIM
186,2025-09-30,5137.2998046875,5161.7038464160205,5064.0876795019385,5105.425137940045,319322,LTIM
187,2025-10-01,5102.93505859375,5124.848892536569,5000.338472406915,5100.942891871676,308270,LTIM
188,2025-10-03,5099.94677734375,5134.809694766998,5074.546651792526,5102.9350274086,119918,LTIM
189,2025-10-06,5253.34326171875,5260.315844735821,5101.440560275422,5105.424893428035,220778,LTIM
190,2025-10-07,5248.36279296875,5479.454113517004,5234.915668712709,5353.947620460624,448771,LTIM
191,2025-10-08,5321.5751953125,5372.375445188201,5245.374820498947,5274.261237094935,278405,LTIM
192,2025-10-09,5412.716796875,5428.654130100985,5303.147630946356,5346.975297317814,214355,LTIM
193,2025-10-10,5450.06982421875,5483.936656718693,5359.426243115961,5429.152074733491,347012,LTIM
194,2025-10-13,5476.46630859375,5492.403642340112,5392.795306425348,5428.654307354663,184814,LTIM
195,2025-10-14,5447.57958984375,5593.007752234897,5436.124631847187,5538.223170512205,445186,LTIM
196,2025-10-15,5587.529296875,5607.949004618282,5477.46209172219,5477.46209172219,339385,LTIM
197,2025-10-16,5600.478515625,5645.8003070809245,5568.105807442196,5607.949140590263,226385,LTIM
198,2025-10-17,5583.046875,5729.471119536129,5563.6232507248,5727.4789529438,956634,LTIM
199,2025-10-20,5574.580078125,5676.678614354396,5565.117286962275,5591.5134938898755,207857,LTIM
200,2025-10-21,5539.21923828125,5649.784484720599,5511.8269474967265,5589.023403344019,34204,LTIM
201,2025-10-23,5595.0,5653.768915791348,5578.066583585544,5589.023500089016,463480,LTIM
202,2025-10-24,5546.0,5662.0,5520.5,5618.0,182417,LTIM
203,2025-10-27,5640.0,5658.5,5557.5,5574.0,159713,LTIM
204,2025-10-28,5596.0,5658.0,5570.0,5658.0,179145,LTIM
205,2025-10-29,5674.0,5676.0,5571.0,5599.0,189897,LTIM
206,2025-10-30,5699.0,5710.0,5626.0,5674.0,217590,LTIM
207,2025-10-31,5684.5,5750.0,5652.5,5728.0,219226,LTIM
208,2025-11-03,5704.5,5728.0,5665.0,5684.5,251579,LTIM
209,2025-11-04,5620.0,5719.0,5587.0,5675.5,165665,LTIM
210,2025-11-06,5652.0,5681.5,5601.0,5620.0,315445,LTIM
211,2025-11-07,5567.5,5638.0,5508.5,5635.0,129338,LTIM
212,2025-11-10,5643.0,5695.0,5575.0,5575.0,139341,LTIM
213,2025-11-11,5710.5,5725.0,5612.0,5665.0,159819,LTIM
214,2025-11-12,5893.5,5910.0,5729.5,5750.0,513138,LTIM
215,2025-11-13,5847.0,5906.5,5833.5,5900.0,126590,LTIM
216,2025-11-14,5809.0,5844.5,5765.0,5825.0,145287,LTIM
217,2025-11-17,5848.5,5875.0,5796.5,5826.0,108410,LTIM
218,2025-11-18,5756.0,5862.5,5749.0,5848.0,160191,LTIM
219,2025-11-19,5972.0,6039.0,5789.0,5791.0,868072,LTIM
220,2025-11-20,6027.0,6091.0,5959.0,6000.0,398886,LTIM
221,2025-11-21,5926.0,6014.0,5909.5,5999.5,198141,LTIM
222,2025-11-24,5922.0,6025.0,5905.5,5930.0,416887,LTIM
223,2025-11-25,5833.0,5918.0,5805.0,5850.0,356220,LTIM
224,2025-11-26,5890.0,5902.0,5832.0,5833.0,287745,LTIM
225,2025-11-27,6025.5,6049.0,5862.5,5917.0,258165,LTIM
226,2025-11-28,6096.5,6124.0,6010.0,6031.0,399436,LTIM
227,2025-12-01,6152.5,6172.0,6100.5,6122.0,372204,LTIM
228,2025-12-02,6164.0,6176.0,6091.5,6140.0,277406,LTIM
229,2025-12-03,6159.0,6216.5,6120.0,6164.0,349340,LTIM
230,2025-12-04,6266.0,6289.5,6159.0,6185.0,502306,LTIM
231,2025-12-05,6292.0,6380.0,6240.5,6266.0,319657,LTIM
232,2025-12-08,6256.0,6346.5,6205.0,6335.0,253030,LTIM
233,2025-12-09,6245.5,6255.5,6160.0,6225.0,282890,LTIM
234,2025-12-10,6220.5,6298.0,6195.0,6231.0,208454,LTIM
235,2025-12-11,6294.5,6312.0,6215.0,6224.5,166721,LTIM
236,2025-12-12,6284.5,6318.0,6250.0,6314.5,170630,LTIM
237,2025-12-15,6269.5,6303.5,6233.0,6271.0,107413,LTIM
238,2025-12-16,6216.0,6259.0,6181.0,6240.0,198232,LTIM
239,2025-12-17,6252.5,6292.5,6212.0,6217.0,405919,LTIM
240,2025-12-18,6245.0,6308.0,6182.5,6280.0,318467,LTIM
241,2025-12-19,6197.5,6290.0,6027.0,6288.0,635441,LTIM
242,2025-12-22,6191.5,6249.5,6183.0,6205.0,236460,LTIM
243,2025-12-23,6202.5,6217.0,6126.0,6197.0,160279,LTIM
244,2025-12-24,6163.0,6243.5,6134.5,6202.5,174322,LTIM
245,2025-12-26,6035.5,6174.5,6020.0,6160.0,113668,LTIM
246,2025-12-29,6033.5,6117.0,6019.0,6020.0,128969,LTIM
247,2025-12-30,6074.0,6093.5,6003.0,6015.0,239568,LTIM
248,2025-12-31,6063.5,6105.5,6036.5,6052.0,93136,LTIM
249,2026-01-01,6112.0,6120.0,6040.0,6063.5,54661,LTIM
250,2026-01-02,6067.0,6145.0,6052.0,6130.0,134408,LTIM
251,2026-01-05,6059.0,6150.5,6012.5,6067.5,334004,LTIM
252,2026-01-06,5982.5,6083.0,5970.0,6050.0,361933,LTIM
253,2026-01-07,6102.0,6124.0,5977.5,5985.0,292945,LTIM
254,2026-01-08,6018.0,6134.0,6000.5,6107.0,146676,LTIM
255,2026-01-09,6037.0,6100.0,5999.5,6001.0,174207,LTIM
256,2026-01-12,6000.5,6021.0,5901.0,6000.0,327804,LTIM
257,2026-01-13,6100.5,6108.5,6003.5,6039.0,197592,LTIM
258,2026-01-14,6030.5,6105.0,6014.5,6105.0,165031,LTIM
259,2026-01-15,6030.5,6030.5,6030.5,6030.5,0,LTIM
260,2026-01-16,6308.0,6370.0,6030.5,6030.5,872154,LTIM
261,2026-01-19,6407.0,6429.5,6266.5,6300.0,530829,LTIM
262,2026-01-20,5976.5,6247.5,5911.5,6245.5,1490878,LTIM
263,2026-01-21,5844.0,5949.5,5751.5,5900.5,726770,LTIM
264,2026-01-22,5947.0,6041.5,5864.0,5902.5,378212,LTIM
265,2026-01-23,5893.5,6022.0,5854.0,5960.0,238727,LTIM
266,2026-01-27,5940.5,5995.0,5841.0,5894.0,240005,LTIM
267,2026-01-28,6015.5,6035.0,5934.0,5960.0,149076,LTIM
268,2026-01-29,5995.0,6015.5,5902.0,6015.5,182049,LTIM
269,2026-01-30,5974.5,5992.5,5889.0,5966.0,260551,LTIM
270,2026-02-02,5986.0,6068.5,5929.0,6068.5,174587,LTIM
271,2026-02-03,6044.0,6275.5,6016.0,6200.0,169450,LTIM
272,2026-02-04,5706.5,5800.0,5545.0,5800.0,824065,LTIM
0,2025-01-01,6375.42431640625,6440.052151552305,6283.509366537592,6396.0756064308825,189395,PERSISTENT
1,2025-01-02,6419.3515625,6450.897966646815,6338.975431681194,6373.6417035732,249756,PERSISTENT
2,2025-01-03,6344.86865234375,6465.606223745816,6251.517337979648,6437.031215409013,246196,PERSISTENT
3,2025-01-06,6250.97314453125,6426.978970072469,6207.739443615532,6344.869517555329,314015,PERSISTENT
4,2025-01-07,6273.9013671875,6343.333050575783,6239.928615950825,6259.688583351503,367951,PERSISTENT
5,2025-01-08,6170.794921875,6272.862141471615,6034.0116156228505,6269.643130385713,454176,PERSISTENT
6,2025-01-09,6120.4296875,6235.967327230019,6084.129243795775,6164.010145314187,377541,PERSISTENT
7,2025-01-10,6259.3916015625,6348.8802047618865,6116.220089303113,6116.220089303113,705635,PERSISTENT
8,2025-01-13,5946.15673828125,6246.51521184884,5928.031424505413,6229.281219736083,540037,PERSISTENT
9,2025-01-14,5824.03271484375,6011.131436431721,5794.219624835322,5989.836441229335,839681,PERSISTENT
10,2025-01-15,6052.978515625,6160.097195985591,5858.401495929046,5883.361404428309,1295234,PERSISTENT
11,2025-01-16,6013.70703125,6155.739607034769,5993.402499963722,6096.5099970254705,284470,PERSISTENT
12,2025-01-17,5904.35986328125,6036.883880363071,5873.80392279747,6036.883880363071,281302,PERSISTENT
13,2025-01-20,6032.822265625,6093.735853975577,5784.3147311767525,5936.8463182660025,500440,PERSISTENT
14,2025-01-21,5840.474609375,6085.168771149648,5825.617635773006,6037.279696180802,281341,PERSISTENT
15,2025-01-22,5628.96044921875,5816.505073076583,5393.081332124648,5695.173123914918,1209268,PERSISTENT
16,2025-01-23,6227.74658203125,6298.465681855721,5728.007207555106,5734.79198910323,2738505,PERSISTENT
17,2025-01-24,6300.00048828125,6439.012334136637,6170.645675229713,6227.746363785654,1433020,PERSISTENT
18,2025-01-27,6003.45556640625,6252.210737241964,5960.469485101721,6238.740317447683,571171,PERSISTENT
19,2025-01-28,5853.9443359375,6001.226655763649,5815.266876159816,5942.789228351526,681360,PERSISTENT
20,2025-01-29,6216.1083984375,6249.833534918222,5913.075468060505,5913.075468060505,724783,PERSISTENT
21,2025-01-30,5998.94921875,6278.161189690802,5968.0465190522955,6249.83379557215,454129,PERSISTENT
22,2025-01-31,5994.87451171875,6098.8204801588545,5926.703412974671,6042.375394612937,354309,PERSISTENT
23,2025-02-01,5896.44384765625,6100.509771057491,5796.622311388808,6009.9298823600575,317096,PERSISTENT
24,2025-02-03,6038.74853515625,6069.75361743542,5443.295488427538,5793.5416069380735,557306,PERSISTENT
25,2025-02-04,6073.6787109375,6214.840682512964,5970.478047094548,6090.522907023938,440631,PERSISTENT
26,2025-02-05,6150.744140625,6207.636124717135,6081.728255788066,6119.142712472976,342294,PERSISTENT
27,2025-02-06,6189.64892578125,6255.633589713781,6171.6620188907755,6200.977537698807,270778,PERSISTENT
28,2025-02-07,6214.98974609375,6264.528103481325,6151.290501848123,6191.040359695284,246917,PERSISTENT
29,2025-02-10,5956.41650390625,6245.596708927517,5918.853083736851,6240.727448568927,265630,PERSISTENT
30,2025-02-11,5791.90185546875,6000.638090102219,5747.680141218605,5988.663640222204,255594,PERSISTENT
31,2025-02-12,5669.52197265625,5823.353716327535,5647.510102423451,5803.429295740744,283805,PERSISTENT
32,2025-02-13,5627.8837890625,5752.052595746082,5582.867271265321,5686.167403563611,233733,PERSISTENT
33,2025-02-14,5527.9130859375,5693.023947056208,5455.767002959217,5664.354267446484,370089,PERSISTENT
34,2025-02-17,5496.70947265625,5527.913498958942,5354.802675549708,5527.913498958942,331116,PERSISTENT
35,2025-02-18,5760.99609375,5777.641345303808,5527.316733907309,5559.265582381463,836676,PERSISTENT
36,2025-02-19,5862.90478515625,5932.318067869179,5703.210030670148,5751.70466063873,509368,PERSISTENT
37,2025-02-20,5880.8916015625,5912.741464158671,5801.6903062615365,5812.22362970092,215467,PERSISTENT
38,2025-02-21,5674.58984375,5900.2697470393005,5644.479522080697,5887.947388790164,335451,PERSISTENT
39,2025-02-24,5604.53125,5654.417517798223,5431.520374588431,5592.805235530475,649930,PERSISTENT
40,2025-02-25,5473.65478515625,5634.542234452474,5435.7929492866015,5485.480270578069,338075,PERSISTENT
41,2025-02-27,5439.0224609375,5515.590426644559,5366.2305374434745,5490.448836921333,354670,PERSISTENT
42,2025-02-28,5270.7314453125,5438.37665744613,5116.999168036692,5336.4181795400955,1607716,PERSISTENT
43,2025-03-03,5259.45263671875,5321.3633323597505,5073.0756820973465,5270.731756093745,505746,PERSISTENT
44,2025-03-04,5120.77490234375,5192.523582355504,5053.249644287161,5154.2643481734285,527077,PERSISTENT
45,2025-03-05,5357.38623046875,5431.8177376214935,5053.249858358997,5053.249858358997,890952,PERSISTENT
46,2025-03-06,5270.0859375,5458.351399277784,5234.956902936769,5397.235991715205,701133,PERSISTENT
47,2025-03-07,5245.78857421875,5289.861326389433,5135.68166148089,5237.043799536435,370208,PERSISTENT
48,2025-03-10,5134.6875,5275.799484710664,5087.981420553513,5246.434473532737,233490,PERSISTENT
49,2025-03-11,5207.181640625,5234.0622866428275,4958.745040727391,5073.0753699091765,405424,PERSISTENT
50,2025-03-12,5152.77392578125,5240.422065396577,5001.525532592103,5199.281062293242,542214,PERSISTENT
51,2025-03-13,5093.6953125,5208.572486680595,5043.2626856435645,5137.867531492926,401647,PERSISTENT
52,2025-03-17,5134.98583984375,5185.716887281061,5003.314435145674,5093.6958689144385,840748,PERSISTENT
53,2025-03-18,5134.98583984375,5134.98583984375,5134.98583984375,5134.98583984375,0,PERSISTENT
54,2025-03-19,5247.57763671875,5294.73061495631,5119.831238563006,5268.843713848292,672425,PERSISTENT
55,2025-03-20,5161.568359375,5351.324430919019,5152.17774691421,5306.605842359807,621056,PERSISTENT
56,2025-03-21,5242.55859375,5289.712054227168,4996.755811424371,5072.727432094171,789021,PERSISTENT
57,2025-03-24,5387.3974609375,5473.9528741900485,5199.529887761868,5272.818688798217,569197,PERSISTENT
58,2025-03-25,5523.54052734375,5597.773578943651,5401.160752873781,5464.611558780603,827076,PERSISTENT
59,2025-03-26,5482.4990234375,5588.4324893245275,5443.54396950976,5539.142569628534,416614,PERSISTENT
60,2025-03-27,5606.1708984375,5633.5484180378735,5406.576834243794,5406.576834243794,593246,PERSISTENT
61,2025-03-28,5479.26953125,5664.802188997305,5432.3150111227615,5629.57368298005,317428,PERSISTENT
62,2025-04-01,5178.958984375,5475.19489055617,5157.344999642696,5459.642856058706,453706,PERSISTENT
63,2025-04-02,5284.24658203125,5378.106125379113,5186.114123173594,5220.795776144574,525175,PERSISTENT
64,2025-04-03,4763.37451171875,5112.8253441734105,4741.710548569861,5088.3790851323965,2581937,PERSISTENT
65,2025-04-04,4581.12158203125,4742.505906378878,4470.467819209035,4720.295576463022,2694235,PERSISTENT
66,2025-04-07,4544.94873046875,4601.045909788259,4123.0043900772735,4123.0043900772735,1802134,PERSISTENT
67,2025-04-08,4566.5625,4889.232140432214,4547.731297425008,4689.041740103307,1299383,PERSISTENT
68,2025-04-09,4375.21728515625,4506.789221170644,4314.30082043637,4490.292932668934,1279395,PERSISTENT
69,2025-04-11,4516.18017578125,4556.227963288759,4385.40304701418,4496.702648479302,1076005,PERSISTENT
70,2025-04-15,4686.50830078125,4698.4332582895995,4533.471346090768,4612.474189583582,583389,PERSISTENT
71,2025-04-16,4676.07373046875,4707.376742371793,4618.436438710767,4686.508067769764,389526,PERSISTENT
72,2025-04-17,4805.7578125,4824.638994972601,4526.515061194686,4620.920973557692,632950,PERSISTENT
73,2025-04-21,4869.8544921875,4974.69474296309,4685.514525183973,4788.367283053865,743849,PERSISTENT
74,2025-04-22,4929.97607421875,4993.575846190127,4832.58892338758,4832.58892338758,461798,PERSISTENT
75,2025-04-23,5131.20947265625,5216.174788800747,5001.525569067281,5018.419257657415,1465607,PERSISTENT
76,2025-04-24,5124.25341796875,5353.8088411338385,5098.9128842427335,5239.031129551294,2537811,PERSISTENT
77,2025-04-25,5240.52197265625,5295.674901353021,5105.869326919088,5200.275240904552,1391012,PERSISTENT
78,2025-04-28,5253.93701171875,5281.761909832638,5140.153053360173,5260.396363066617,605942,PERSISTENT
79,2025-04-29,5370.20556640625,5409.955422560257,5219.156113021027,5225.615464646053,733031,PERSISTENT
80,2025-04-30,5288.22119140625,5399.520782393284,5243.999478915866,5366.2302797319835,568446,PERSISTENT
81,2025-05-02,5372.68994140625,5452.686527050049,5298.655834195529,5298.655834195529,509581,PERSISTENT
82,2025-05-05,5498.39892578125,5533.180050379541,5425.358564124839,5455.667829846207,402811,PERSISTENT
83,2025-05-06,5391.07421875,5595.28910390265,5371.199290754608,5525.229982718894,368401,PERSISTENT
84,2025-05-07,5469.580078125,5483.492527451626,5277.290153503418,5291.699476020281,411265,PERSISTENT
85,2025-05-08,5435.2958984375,5550.07360686963,5415.917843767141,5520.261215069077,330638,PERSISTENT
86,2025-05-09,5408.96142578125,5453.68001188453,5282.2587651552885,5282.2587651552885,299463,PERSISTENT
87,2025-05-12,5839.7509765625,5891.922664858174,5521.752114569817,5604.729942621033,936725,PERSISTENT
88,2025-05-13,5724.97314453125,5917.759950648081,5712.054441028576,5917.759950648081,620746,PERSISTENT
89,2025-05-14,5722.48876953125,5781.11980841331,5604.729818556265,5762.735499611308,495296,PERSISTENT
90,2025-05-15,5618.1455078125,5762.2387418503195,5517.280243986027,5733.916968263576,1002976,PERSISTENT
91,2025-05-16,5663.36083984375,5672.304557611533,5589.823604864203,5631.560954447189,410772,PERSISTENT
92,2025-05-19,5634.04541015625,5696.154562309837,5570.445638350976,5614.66735468433,287926,PERSISTENT
93,2025-05-20,5611.68603515625,5778.635433758383,5583.8611353892275,5682.242030994056,554900,PERSISTENT
94,2025-05-21,5634.5419921875,5679.260579427083,5540.136085792824,5654.4169198495365,256723,PERSISTENT
95,2025-05-22,5547.58935546875,5649.945236098089,5452.686572943489,5589.8235780585255,530747,PERSISTENT
96,2025-05-23,5626.59228515625,5697.148281667393,5560.508147578911,5574.917470810061,279220,PERSISTENT
97,2025-05-26,5655.4111328125,5669.820456556267,5597.2769646048855,5654.4173863474125,176868,PERSISTENT
98,2025-05-27,5610.1953125,5689.198151459126,5578.892300836949,5664.354491409086,346050,PERSISTENT
99,2025-05-28,5549.080078125,5680.254607192424,5536.161374504723,5663.360917842832,237413,PERSISTENT
100,2025-05-29,5634.5419921875,5689.198043258101,5592.804644097222,5609.6983326099535,319452,PERSISTENT
101,2025-05-30,5602.7421875,5658.888858942665,5555.042360433664,5640.504550594182,568563,PERSISTENT
102,2025-06-02,5484.486328125,5599.760909401047,5414.924080803248,5596.779670230115,465790,PERSISTENT
103,2025-06-03,5450.69921875,5594.792452427074,5441.258627578054,5527.2176945647225,327547,PERSISTENT
104,2025-06-04,5469.580078125,5493.429991256359,5434.798954808434,5465.605092603107,245070,PERSISTENT
105,2025-06-05,5587.8359375,5611.1889776087055,5451.692682398187,5480.5113276387165,386683,PERSISTENT
106,2025-06-06,5641.00146484375,5657.398280517126,5521.2550231078785,5586.842285801385,252969,PERSISTENT
107,2025-06-09,5754.28857421875,5778.635361209227,5658.3920458685025,5689.198184509514,335979,PERSISTENT
108,2025-06-10,5908.81591796875,6012.165540482835,5765.219567456392,5778.635143455816,908647,PERSISTENT
109,2025-06-11,5928.1943359375,5956.019236013982,5867.575803628023,5923.225603780986,346228,PERSISTENT
110,2025-06-12,5884.96630859375,5957.509797369054,5800.994735970283,5932.666136829566,428130,PERSISTENT
111,2025-06-13,5845.71337890625,5928.194332658773,5700.129526800893,5723.979441138972,301316,PERSISTENT
112,2025-06-16,5981.359375,6003.718668227695,5804.472521909785,5874.034767507061,540382,PERSISTENT
113,2025-06-17,6030.0537109375,6106.572190789541,5966.453935476063,6007.197541631046,672714,PERSISTENT
114,2025-06-18,5987.8193359375,6089.678348788482,5972.416265701498,6027.072321377635,265478,PERSISTENT
115,2025-06-19,5861.61328125,6003.71901986469,5830.807142109753,6001.234653804993,419777,PERSISTENT
116,2025-06-20,6068.3125,6091.665540817163,5858.632005854418,5863.1038647343,662959,PERSISTENT
117,2025-06-23,6041.97802734375,6116.5090062994705,6006.700030638042,6028.065577938682,442534,PERSISTENT
118,2025-06-24,6044.462890625,6141.3531712392105,6022.103595098643,6141.3531712392105,358910,PERSISTENT
119,2025-06-25,6070.2998046875,6137.874559000138,6051.915496528914,6099.615323102542,292512,PERSISTENT
120,2025-06-26,6017.63134765625,6101.60291876961,5968.440900672684,6101.60291876961,555658,PERSISTENT
121,2025-06-27,5972.91259765625,6094.646528812208,5947.075191859883,6027.0717751909415,1074099,PERSISTENT
122,2025-06-30,6003.71875,6045.952971116444,5947.572079574608,5987.321934743027,362533,PERSISTENT
123,2025-07-01,6000.73779296875,6059.368832098527,5949.559852033437,6021.606467913247,412381,PERSISTENT
124,2025-07-02,5976.8876953125,6074.771715262335,5938.131585890738,6001.731355198245,320897,PERSISTENT
125,2025-07-03,5913.2880859375,6049.928219004705,5883.972566479445,6001.731517522819,222105,PERSISTENT
126,2025-07-04,5859.12890625,5937.6348736166465,5801.988486964149,5927.69740939302,153281,PERSISTENT
127,2025-07-07,5803.9755859375,5858.134762280894,5768.697590337674,5848.197298731648,289291,PERSISTENT
128,2025-07-08,5747.8291015625,5912.791001780234,5699.135528606663,5808.94450435401,360059,PERSISTENT
129,2025-07-09,5688.20458984375,5767.207431369357,5675.285886198053,5754.785600940803,276308,PERSISTENT
130,2025-07-10,5644.97607421875,5712.053952048125,5601.7481085064865,5712.053952048125,287650,PERSISTENT
131,2025-07-11,5543.6142578125,5629.573320876188,5525.229949527203,5564.9798052791975,261377,PERSISTENT
132,2025-07-14,5584.9658203125,5604.894333498271,5480.341126087199,5530.162409051628,263267,PERSISTENT
133,2025-07-15,5561.5498046875,5644.751347049124,5545.606994175093,5608.880023396208,526331,PERSISTENT
134,2025-07-16,5572.5107421875,5604.894577524307,5541.6215454047,5579.983934957532,461144,PERSISTENT
135,2025-07-17,5474.86083984375,5594.431920157018,5455.430539292844,5594.431920157018,408609,PERSISTENT
136,2025-07-18,5527.67138671875,5609.378291398504,5395.644985864269,5483.330444544981,780185,PERSISTENT
137,2025-07-21,5758.34423828125,5785.247732732469,5540.127005510252,5540.127005510252,688971,PERSISTENT
138,2025-07-22,5693.078125,5828.0938046950205,5683.113868195939,5804.179588365275,376423,PERSISTENT
139,2025-07-23,5585.46435546875,5753.8603016063325,5547.600178230714,5711.512208642739,456892,PERSISTENT
140,2025-07-24,5155.50634765625,5505.251753150518,5067.820889868513,5505.251753150518,3549027,PERSISTENT
141,2025-07-25,5132.09033203125,5228.743620490047,5098.211859787961,5155.506334905288,836047,PERSISTENT
142,2025-07-28,5131.09423828125,5190.879781401335,5068.817630864495,5131.09423828125,506242,PERSISTENT
143,2025-07-29,5157.99755859375,5187.890329144859,5073.30137536561,5123.6208724599755,406100,PERSISTENT
144,2025-07-30,5144.0478515625,5176.929900783142,5081.273030323094,5166.467430576574,365158,PERSISTENT
145,2025-07-31,5142.0546875,5176.4313732317605,5063.835272139328,5081.770934260246,549977,PERSISTENT
146,2025-08-01,5043.40869140625,5142.054835918592,5021.985538810135,5116.6459805138975,329351,PERSISTENT
147,2025-08-04,5158.994140625,5168.958397777342,4999.56602618753,5036.931990508812,468127,PERSISTENT
148,2025-08-05,5172.94384765625,5183.406317154544,5095.222645668927,5158.9938883251925,404213,PERSISTENT
149,2025-08-06,5028.96044921875,5177.427876786333,5017.999766646646,5173.442174032841,414065,PERSISTENT
150,2025-08-07,5163.97607421875,5176.431395188887,4990.598006314445,5007.039029995026,469097,PERSISTENT
151,2025-08-08,5087.25146484375,5174.936927365785,5067.322950634197,5168.4601602476805,250504,PERSISTENT
152,2025-08-11,5152.51708984375,5182.409859655259,5047.892395503469,5072.304824182868,322296,PERSISTENT
153,2025-08-12,5213.79736328125,5271.091839800824,5161.4850151546825,5195.861701066427,553305,PERSISTENT
154,2025-08-13,5228.74365234375,5258.63642215229,5183.406284800798,5256.145358001579,242009,PERSISTENT
155,2025-08-14,5270.095703125,5310.949158187985,5228.744035195394,5246.181485527156,506273,PERSISTENT
156,2025-08-18,5213.79736328125,5310.450654105575,5200.345616620133,5304.970312873268,376172,PERSISTENT
157,2025-08-19,5217.783203125,5246.679548563867,5161.485150804449,5226.751034468097,450569,PERSISTENT
158,2025-08-20,5325.8955078125,5350.806150973457,5181.413777478952,5181.413777478952,628849,PERSISTENT
159,2025-08-21,5328.38623046875,5353.795084863692,5256.14536993411,5340.841551250584,307013,PERSISTENT
160,2025-08-22,5349.8095703125,5400.627280889132,5311.447180955631,5350.805996010081,477641,PERSISTENT
161,2025-08-25,5430.52001953125,5489.807348184849,5361.76664680691,5381.695160640052,639042,PERSISTENT
162,2025-08-26,5357.28271484375,5455.430645172422,5335.859562538506,5390.662975412385,460418,PERSISTENT
163,2025-08-28,5294.5078125,5380.698633198456,5268.600745006822,5380.698633198456,316243,PERSISTENT
164,2025-08-29,5286.53662109375,5310.450838209244,5209.31362832497,5289.525898233187,487634,PERSISTENT
165,2025-09-01,5400.62744140625,5414.577401587004,5296.500952914192,5316.429467458127,155910,PERSISTENT
166,2025-09-02,5383.18994140625,5429.523737292486,5356.286447020693,5406.1077329198715,260470,PERSISTENT
167,2025-09-03,5347.81689453125,5387.175710878182,5282.551009196463,5371.7311120585,263011,PERSISTENT
168,2025-09-04,5274.57958984375,5393.154251445981,5250.16715951388,5354.791860927612,208090,PERSISTENT
169,2025-09-05,5113.65673828125,5313.440092923765,5071.806858505761,5281.0562573832085,720110,PERSISTENT
170,2025-09-08,4993.08935546875,5150.524621516258,4984.619736725688,5113.656869340576,482061,PERSISTENT
171,2025-09-09,5112.66015625,5117.64228464237,5006.540821492521,5006.540821492521,479409,PERSISTENT
172,2025-09-10,5399.630859375,5410.591542056884,5132.090559367215,5132.090559367215,825208,PERSISTENT
173,2025-09-11,5388.171875,5431.0181793227,5290.522158171521,5399.630770342117,604933,PERSISTENT
174,2025-09-12,5391.6591796875,5429.5233542999795,5342.834322950356,5420.555523470708,197972,PERSISTENT
175,2025-09-15,5344.3291015625,5446.960945966515,5312.443480000087,5441.480604760475,299865,PERSISTENT
176,2025-09-16,5470.875,5535.144454057007,5333.368261087333,5350.307497040342,579399,PERSISTENT
177,2025-09-17,5515.71435546875,5669.662123135613,5495.785841854917,5514.717929788058,818900,PERSISTENT
178,2025-09-18,5547.60009765625,5623.826663883588,5506.248431010047,5558.560780381749,517640,PERSISTENT
179,2025-09-19,5486.31982421875,5573.507071697707,5456.4270536545355,5530.660767222334,659556,PERSISTENT
180,2025-09-22,5252.15966796875,5341.339764778312,5168.459912303909,5330.877295320207,1437841,PERSISTENT
181,2025-09-23,5221.76904296875,5277.568883901151,5175.933459345706,5256.6439435515,450288,PERSISTENT
182,2025-09-24,5172.94384765625,5210.808022983408,5113.656520499254,5192.3741481530815,608045,PERSISTENT
183,2025-09-25,5084.26220703125,5218.779678456869,5060.84620274605,5161.485199886698,353200,PERSISTENT
184,2025-09-26,4933.3037109375,5081.272929494199,4918.855538081795,5071.8068852094275,364067,PERSISTENT
185,2025-09-29,4853.09130859375,4962.199921321605,4836.650284758046,4962.199921321605,597302,PERSISTENT
186,2025-09-30,4805.2626953125,4899.424919201982,4767.896733451594,4860.066106041829,831690,PERSISTENT
187,2025-10-01,4937.68798828125,4957.118290107333,4786.331016491933,4842.2305975141735,285409,PERSISTENT
188,2025-10-03,5050.68212890625,5058.952753704488,4935.993926074329,4957.217597757883,362977,PERSISTENT
189,2025-10-06,5170.75146484375,5216.2883119617945,5071.80659176419,5075.79229439033,499790,PERSISTENT
190,2025-10-07,5252.359375,5271.091983654547,5157.499453193938,5181.413670133014,260970,PERSISTENT
191,2025-10-08,5244.7861328125,5315.930826700513,5190.480935051455,5243.191754470122,327033,PERSISTENT
192,2025-10-09,5326.19384765625,5335.859371103446,5235.320120036346,5251.163190609741,233688,PERSISTENT
193,2025-10-10,5338.55029296875,5384.186396486876,5261.127819644805,5360.770391986563,277817,PERSISTENT
194,2025-10-13,5310.650390625,5319.518482286127,5183.406630701004,5308.856532395199,291416,PERSISTENT
195,2025-10-14,5318.82080078125,5418.5631135474605,5268.501301473757,5340.841906696283,406572,PERSISTENT
196,2025-10-15,5704.138671875,5717.889151950371,5445.964675138931,5502.2627273108,3470286,PERSISTENT
197,2025-10-16,5820.62060546875,5829.0902237425635,5682.815128639791,5701.647476670841,940813,PERSISTENT
198,2025-10-17,5735.12744140625,5804.179545939258,5704.536978626997,5779.268904111193,469353,PERSISTENT
199,2025-10-20,5823.8095703125,5838.954949256921,5748.081215982414,5762.7283820694,373324,PERSISTENT
200,2025-10-21,5779.36865234375,5839.054452942917,5764.322527350644,5804.17955433319,33872,PERSISTENT
201,2025-10-23,5815.04052734375,5955.6362880684555,5796.008699552682,5888.8757675229335,906223,PERSISTENT
202,2025-10-24,5805.17626953125,5908.106852232775,5779.2692007005235,5823.012192688281,383009,PERSISTENT
203,2025-10-27,5857.08984375,5878.911468673985,5824.207796552332,5858.982955220853,232662,PERSISTENT
204,2025-10-28,5806.07275390625,5853.801447134866,5761.333337746682,5761.333337746682,425499,PERSISTENT
205,2025-10-29,5870.04345703125,5894.3561464663035,5794.613837974714,5809.161750299814,307900,PERSISTENT
206,2025-10-30,5940.39111328125,5945.671974719487,5859.979367073119,5870.043363650409,241544,PERSISTENT
207,2025-10-31,5895.4521484375,5943.67905300211,5854.100483609405,5940.391042943418,336904,PERSISTENT
208,2025-11-03,5909.80078125,5918.768612481032,5832.079577247724,5898.840098634294,135144,PERSISTENT
209,2025-11-04,5837.56005859375,5933.715140210938,5793.717327079177,5898.840240142527,338741,PERSISTENT
210,2025-11-06,5821.11865234375,5905.316619841704,5775.781285229466,5905.316619841704,341274,PERSISTENT
211,2025-11-07,5760.3369140625,5821.118881154321,5678.630007480054,5821.118881154321,279260,PERSISTENT
212,2025-11-10,5843.53857421875,5867.951004105076,5745.888854673446,5768.30843314048,304472,PERSISTENT
213,2025-11-11,6009.443359375,6018.4111906193,5859.481292456423,5878.4133806388345,766563,PERSISTENT
214,2025-11-12,6112.5732421875,6145.953501966338,6023.891357998945,6023.891357998945,505785,PERSISTENT
215,2025-11-13,6115.064453125,6163.3910990393815,6055.777124632098,6113.071601747087,301945,PERSISTENT
216,2025-11-14,6079.193359375,6114.566472677378,6012.432835677553,6078.1969336481725,198063,PERSISTENT
217,2025-11-17,6094.6376953125,6113.071570463858,6047.307475329283,6107.0930163607145,239271,PERSISTENT
218,2025-11-18,6057.77001953125,6103.107388704483,6040.332569849237,6088.161003262758,255511,PERSISTENT
219,2025-11-19,6293.4248046875,6319.331873231179,6054.282633515081,6058.268336367954,874803,PERSISTENT
220,2025-11-20,6327.80126953125,6396.056428489267,6292.428157954467,6293.424583632686,481898,PERSISTENT
221,2025-11-21,6273.994140625,6347.231426313229,6240.115668333846,6301.894058982421,342405,PERSISTENT
222,2025-11-24,6351.71533203125,6403.529466044212,6274.492343838855,6277.481620801142,1378541,PERSISTENT
223,2025-11-25,6347.72998046875,6398.547691638031,6301.396184990876,6398.547691638031,225848,PERSISTENT
224,2025-11-26,6392.07080078125,6398.547567765674,6337.2673878361265,6381.608331037181,167018,PERSISTENT
225,2025-11-27,6409.01025390625,6454.845837189783,6360.683606313829,6402.035273841365,445809,PERSISTENT
226,2025-11-28,6330.29248046875,6431.927902003114,6295.915793773303,6416.981516483354,208808,PERSISTENT
227,2025-12-01,6383.10302734375,6402.035115623415,6308.371099924021,6352.712043526394,199542,PERSISTENT
228,2025-12-02,6370.6474609375,6423.956233778691,6314.847623944851,6367.159971125459,253320,PERSISTENT
229,2025-12-03,6308.37109375,6385.095872492497,6272.4997686236375,6370.647699872156,342367,PERSISTENT
230,2025-12-04,6428.9384765625,6505.165040954476,6311.360246519974,6357.195827722992,668828,PERSISTENT
231,2025-12-05,6497.19384765625,6508.154530475699,6405.02446940179,6429.935112173266,204572,PERSISTENT
232,2025-12-08,6324.31396484375,6529.57766056737,6288.442639377487,6527.584809152577,354529,PERSISTENT
233,2025-12-09,6279.474609375,6335.274447224096,6194.77842692548,6313.851295192747,482730,PERSISTENT
234,2025-12-10,6011.9345703125,6350.221101616236,5992.0060559499825,6298.905177132754,518858,PERSISTENT
235,2025-12-11,6181.8251953125,6207.234051289364,5997.486436264658,6019.906015067773,578216,PERSISTENT
236,2025-12-12,6313.8515625,6334.2782897202715,6181.825154856782,6217.696480707015,311443,PERSISTENT
237,2025-12-15,6274.99072265625,6313.851324193938,6236.628333958788,6298.406726146908,185159,PERSISTENT
238,2025-12-16,6240.6142578125,6287.446266453277,6167.875180561931,6237.624980665216,235762,PERSISTENT
239,2025-12-17,6260.04443359375,6325.808529513716,6210.223148805897,6217.696341524075,194752,PERSISTENT
240,2025-12-18,6295.91552734375,6316.840466185915,6207.731856508913,6237.624626283434,167343,PERSISTENT
241,2025-12-19,6335.2744140625,6394.063528631498,6268.015681292884,6359.686842993694,261141,PERSISTENT
242,2025-12-22,6540.0400390625,6571.9256612534045,6342.74775175628,6347.2316673768755,359560,PERSISTENT
243,2025-12-23,6465.80615234375,6575.412975699863,6424.952700001926,6556.480888029261,215867,PERSISTENT
244,2025-12-24,6329.7939453125,6463.813195315574,6315.843986204373,6463.813195315574,200947,PERSISTENT
245,2025-12-26,6277.97998046875,6376.626122531508,6252.57112569501,6330.292328532334,287268,PERSISTENT
246,2025-12-29,6206.2373046875,6301.894169301773,6185.312365553128,6277.481740311672,250243,PERSISTENT
247,2025-12-30,6160.89990234375,6256.556766426719,6104.601852128252,6183.319479863196,1231316,PERSISTENT
248,2025-12-31,6249.58203125,6264.030203994439,6155.419801984514,6182.821508913624,229337,PERSISTENT
249,2026-01-01,6260.04443359375,6276.485457573742,6191.291060586513,6262.5354978331425,113350,PERSISTENT
250,2026-01-02,6267.01953125,6306.378346972137,6206.735775523691,6262.53561553482,147711,PERSISTENT
251,2026-01-05,6181.8251953125,6277.482064872461,6088.6593900639955,6267.019594764341,307929,PERSISTENT
252,2026-01-06,6226.6640625,6271.503218014883,6155.419626515242,6181.824906985117,173690,PERSISTENT
253,2026-01-07,6490.21875,6519.115095090965,6183.817849466493,6183.817849466493,633821,PERSISTENT
254,2026-01-08,6421.46533203125,6574.416674799005,6389.081497243289,6496.695471307898,354203,PERSISTENT
255,2026-01-09,6394.0634765625,6444.881185352384,6327.302957171868,6412.995564150888,337174,PERSISTENT
256,2026-01-12,6302.890625,6395.060000197613,6264.528236404237,6394.063574519801,268990,PERSISTENT
257,2026-01-13,6334.7763671875,6401.536888870798,6255.560524294633,6317.338917494102,228016,PERSISTENT
258,2026-01-14,6251.57470703125,6327.303058598731,6207.731977176392,6302.392416635744,327713,PERSISTENT
259,2026-01-15,6251.57470703125,6251.57470703125,6251.57470703125,6251.57470703125,0,PERSISTENT
260,2026-01-16,6380.11376953125,6453.849271474919,6286.947966399723,6286.947966399723,531116,PERSISTENT
261,2026-01-19,6414.98876953125,6444.38332819872,6227.660734633475,6372.142463676972,383374,PERSISTENT
262,2026-01-20,6319.830078125,6467.799296351498,6277.481985366575,6396.554857946147,573688,PERSISTENT
263,2026-01-21,6219.68896484375,6369.1528137265705,6005.955660941318,6307.374422855005,2130647,PERSISTENT
264,2026-01-22,6297.90869140625,6371.1459809906755,6153.925176508978,6313.35328989004,455070,PERSISTENT
265,2026-01-23,6133.0,6337.267262388302,6083.676929325751,6337.267262388302,499112,PERSISTENT
266,2026-01-27,6216.0,6238.5,6060.0,6125.0,491985,PERSISTENT
267,2026-01-28,6213.0,6299.5,6079.5,6199.0,372879,PERSISTENT
268,2026-01-29,6070.0,6213.0,5993.5,6202.5,637802,PERSISTENT
269,2026-01-30,6035.0,6085.0,5979.5,6026.5,486262,PERSISTENT
270,2026-02-02,6082.5,6120.0,5992.0,6119.5,180834,PERSISTENT
271,2026-02-03,6278.5,6552.5,6241.5,6400.0,353120,PERSISTENT
272,2026-02-04,5986.0,6060.0,5798.0,6060.0,1427211,PERSISTENT
0,2025-01-01,1903.656005859375,1926.6694235009409,1886.6827203903797,1915.8052947700396,798575,COFORGE
1,2025-01-02,1917.119873046875,1929.1406450202187,1898.0112923838126,1901.767821335579,1858400,COFORGE
2,2025-01-03,1911.7818603515625,1926.6792191762102,1884.3792299255908,1923.7135764581349,1501210,COFORGE
3,2025-01-06,1904.28857421875,1928.0631913824204,1898.0113213269483,1911.781841978017,1655670,COFORGE
4,2025-01-07,1902.0050048828125,1933.2035017969465,1891.1408773152907,1905.9196144384096,3033345,COFORGE
5,2025-01-08,1889.7073974609375,1901.3822014858831,1853.1311395623031,1901.3822014858831,1219475,COFORGE
6,2025-01-09,1835.33740234375,1899.9587524500046,1829.3171814044024,1891.150880446898,1249660,COFORGE
7,2025-01-10,1859.289794921875,1887.977463357393,1832.757213183099,1853.5266063027075,3126025,COFORGE
8,2025-01-13,1721.169921875,1843.344473514556,1713.736025373346,1843.344473514556,4296765,COFORGE
9,2025-01-14,1698.7991943359375,1741.810908394562,1688.3601948351338,1730.7491191030635,4304205,COFORGE
10,2025-01-15,1697.0098876953125,1723.5028884078984,1676.8434944725782,1697.7315080659027,3338060,COFORGE
11,2025-01-16,1726.2708740234375,1772.1690671881033,1700.667469462616,1700.667469462616,1870420,COFORGE
12,2025-01-17,1708.5167236328125,1734.9010005850978,1700.64780284934,1718.0956917475214,1539025,COFORGE
13,2025-01-20,1712.57958984375,1726.389570154531,1670.684939851999,1708.5166738943287,1751100,COFORGE
14,2025-01-21,1633.298095703125,1726.5379734249736,1629.5515823356716,1715.9209817963047,2384255,COFORGE
15,2025-01-22,1626.7935791015625,1653.8303333587155,1609.8696480577244,1644.112953342265,1743890,COFORGE
16,2025-01-23,1818.2255859375,1842.6525562629517,1710.6024234895276,1722.049760198531,11712525,COFORGE
17,2025-01-24,1825.768310546875,1864.4007059102369,1793.7195550764181,1799.1565666790195,4203395,COFORGE
18,2025-01-27,1740.1796875,1805.2459520925165,1729.958140049325,1798.2667487590977,2747535,COFORGE
19,2025-01-28,1680.2935791015625,1743.12559810121,1668.3420731108847,1732.7755343011634,4544885,COFORGE
20,2025-01-29,1729.276123046875,1736.680334330363,1671.6734396518743,1680.530786830857,1885050,COFORGE
21,2025-01-30,1649.98046875,1740.570104979762,1644.6109542026284,1739.6685344628554,2721965,COFORGE
22,2025-01-31,1637.3985595703125,1663.3845901308557,1625.757839538128,1649.3266211790892,1847675,COFORGE
23,2025-02-01,1600.24755859375,1665.4652777274327,1587.2990455093475,1644.5615377895226,937265,COFORGE
24,2025-02-03,1653.29931640625,1656.4299611236238,1549.4839835929627,1580.1659223524177,2057765,COFORGE
25,2025-02-04,1676.0755615234375,1681.8116300168008,1646.909302183556,1654.0720409983592,2373995,COFORGE
26,2025-02-05,1684.6153564453125,1708.7587006077595,1674.302139855221,1676.3726681357937,1488925,COFORGE
27,2025-02-06,1688.419677734375,1707.9463287420622,1682.207971704803,1701.7147893702884,1204375,COFORGE
28,2025-02-07,1691.292724609375,1706.9754561574905,1674.2327851334535,1690.3713207454873,1508765,COFORGE
29,2025-02-10,1667.238525390625,1694.0963780176387,1660.372923699884,1694.0963780176387,1345735,COFORGE
30,2025-02-11,1604.2894287109375,1678.0570057210582,1599.18730140699,1667.3474846248394,1279875,COFORGE
31,2025-02-12,1585.9912109375,1611.4026803524193,1550.841207804198,1564.1958193190137,5689675,COFORGE
32,2025-02-13,1560.4410400390625,1598.979279677083,1551.4455309716764,1588.091500462252,1720920,COFORGE
33,2025-02-14,1544.1739501953125,1576.6094488089911,1520.9221362464964,1576.2032280688013,2360225,COFORGE
34,2025-02-17,1522.4971923828125,1535.3862031374115,1484.890155420711,1532.2158920325699,2375535,COFORGE
35,2025-02-18,1524.141845703125,1544.2035138464264,1493.4202395283842,1525.6675618808829,2664345,COFORGE
36,2025-02-19,1540.46875,1556.9341743077223,1498.1657999121053,1523.4980591664523,1992460,COFORGE
37,2025-02-20,1544.1739501953125,1560.3520328148097,1508.8356482393365,1533.6031408236986,2927410,COFORGE
38,2025-02-21,1485.296630859375,1534.9802457475278,1473.1704760240664,1525.6874775845681,3057110,COFORGE
39,2025-02-24,1511.49072265625,1526.955529961227,1435.5238189040797,1456.328511931675,3253465,COFORGE
40,2025-02-25,1512.5506591796875,1528.7485739333024,1488.4865264824648,1501.9204715058752,1271640,COFORGE
41,2025-02-27,1483.869873046875,1529.630228405496,1468.3059004748366,1529.630228405496,1368470,COFORGE
42,2025-02-28,1458.7359619140625,1477.0639057287083,1406.4269711933903,1466.1760051429267,7373890,COFORGE
43,2025-03-03,1457.725341796875,1469.8910410535436,1434.2853552463287,1458.9240496214832,1711805,COFORGE
44,2025-03-04,1429.064453125,1464.2342917174576,1415.2343243101018,1446.42153084474,2133295,COFORGE
45,2025-03-05,1548.304931640625,1586.3081538491842,1486.0494025323396,1492.2016083596204,16970990,COFORGE
46,2025-03-06,1510.8466796875,1573.231006113321,1500.2758711413053,1556.0423917889468,5258055,COFORGE
47,2025-03-07,1527.11376953125,1533.6028999431244,1478.1930210251214,1504.872613057885,3535940,COFORGE
48,2025-03-10,1492.8953857421875,1527.0844435973004,1482.245363489555,1524.0925110195146,1325145,COFORGE
49,2025-03-11,1512.2237548828125,1518.5345066139025,1426.6074503338136,1476.1126812352306,2961420,COFORGE
50,2025-03-12,1466.294921875,1533.6129119568623,1442.2704563480718,1523.695999192389,3819490,COFORGE
51,2025-03-13,1444.8858642578125,1478.1238860754047,1441.4679988201835,1471.188988486579,1455270,COFORGE
52,2025-03-17,1459.3104248046875,1466.0075637632528,1432.7397938576257,1449.2151330129261,2070180,COFORGE
53,2025-03-18,1459.3104248046875,1459.3104248046875,1459.3104248046875,1459.3104248046875,0,COFORGE
54,2025-03-19,1496.0455322265625,1505.3977993813044,1459.181638634215,1499.919201542812,1967245,COFORGE
55,2025-03-20,1501.5638427734375,1541.528632190928,1496.3527530180938,1515.7704416787403,1799675,COFORGE
56,2025-03-21,1534.9505615234375,1547.4730209684458,1460.3112756670876,1478.431212928085,5739725,COFORGE
57,2025-03-24,1539.4581298828125,1559.1234937852205,1510.8169690857496,1542.6184037234366,2805970,COFORGE
58,2025-03-25,1576.8372802734375,1601.4660602290946,1547.4729267416305,1559.3613231058428,4540895,COFORGE
59,2025-03-26,1590.5087890625,1609.9859780557379,1576.8372064447822,1583.6036415219958,3309815,COFORGE
60,2025-03-27,1606.439208984375,1617.8124208604183,1572.240239991111,1572.240239991111,2713415,COFORGE
61,2025-03-28,1606.7562255859375,1634.6543605341908,1589.9738321999253,1619.2885998703687,2518165,COFORGE
62,2025-04-01,1541.687255859375,1598.9793751133031,1537.5659113074669,1598.9793751133031,2221335,COFORGE
63,2025-04-02,1537.8729248046875,1552.3073644900853,1516.5728838107807,1541.6870940049669,2470850,COFORGE
64,2025-04-03,1418.1666259765625,1515.7604520030275,1415.1153147840707,1505.090598097468,6409960,COFORGE
65,2025-04-04,1309.288818359375,1405.5749815858362,1300.0258006883546,1396.9558219483756,11705110,COFORGE
66,2025-04-07,1256.3458251953125,1271.0576903017984,1182.9052578443575,1183.8860407891225,11740295,COFORGE
67,2025-04-08,1282.48046875,1325.5659847869867,1262.190960240843,1287.5131791939868,4082910,COFORGE
68,2025-04-09,1252.9676513671875,1266.906864305184,1223.5141677158267,1258.1886582988664,5467845,COFORGE
69,2025-04-11,1251.58056640625,1307.317339330072,1245.2896477096544,1292.5955567949857,8440465,COFORGE
70,2025-04-15,1281.1727294921875,1292.8630336493834,1255.2164472289417,1271.2657330657555,2791565,COFORGE
71,2025-04-16,1269.6805419921875,1285.53173507807,1255.7117022722548,1281.1726327924512,2153440,COFORGE
72,2025-04-17,1307.7235107421875,1321.1970015143468,1238.5726282395422,1256.1080842400477,8477320,COFORGE
73,2025-04-21,1374.6947021484375,1399.0658874366825,1320.8006212356884,1321.4941834972071,4754435,COFORGE
74,2025-04-22,1378.2613525390625,1395.4005054528895,1361.9148077467496,1374.1004622386636,2141160,COFORGE
75,2025-04-23,1464.650390625,1472.1796837979323,1414.4218456759988,1427.2018953818401,8121570,COFORGE
76,2025-04-24,1436.7125244140625,1482.9782687094523,1432.7497259785694,1466.2354211324914,3868135,COFORGE
77,2025-04-25,1464.2540283203125,1488.8234271018569,1422.9419028235748,1448.4028345089966,5022010,COFORGE
78,2025-04-28,1461.77734375,1479.907195845203,1437.5052021560489,1468.2168915198238,2291125,COFORGE
79,2025-04-29,1483.077392578125,1496.9471878326965,1456.427547509123,1477.3312861700813,2852330,COFORGE
80,2025-04-30,1447.4122314453125,1488.0309182962762,1442.3596872679282,1481.2941121030842,2021165,COFORGE
81,2025-05-02,1461.3809814453125,1493.2815816867214,1450.6814981383588,1454.1489467992722,2079045,COFORGE
82,2025-05-05,1485.35595703125,1504.872690755924,1466.2354063981354,1470.1982047938059,2420060,COFORGE
83,2025-05-06,1471.386962890625,1584.921231124576,1464.253974312631,1555.3983353659207,11503675,COFORGE
84,2025-05-07,1505.8634033203125,1508.8355021426553,1453.5544156730764,1466.2354190224096,2994720,COFORGE
85,2025-05-08,1536.4761962890625,1571.0516401719608,1509.8263500441913,1510.024441611133,5923215,COFORGE
86,2025-05-09,1525.65087890625,1538.3630299057177,1500.6239755891152,1500.6239755891152,2793100,COFORGE
87,2025-05-12,1650.8848876953125,1663.2990490921911,1557.728972080318,1589.211236889984,6150415,COFORGE
88,2025-05-13,1641.94677734375,1673.4290437995621,1631.2208928431935,1668.2648008812505,3061420,COFORGE
89,2025-05-14,1681.076171875,1687.332958235322,1634.6969095087345,1635.6900425035758,3161205,COFORGE
90,2025-05-15,1680.57958984375,1697.2642724956866,1660.8163404147272,1681.0761563365809,2536890,COFORGE
91,2025-05-16,1673.6275634765625,1688.2266902722527,1670.449586596546,1684.3534476027003,1186730,COFORGE
92,2025-05-19,1643.734375,1674.2236303003249,1639.165987527159,1674.2236303003249,1391245,COFORGE
93,2025-05-20,1629.8304443359375,1692.2985305370298,1625.3613461038856,1664.0935307816696,4093215,COFORGE
94,2025-05-21,1641.847412109375,1651.5801639132912,1618.0122203271026,1631.121648546585,1140780,COFORGE
95,2025-05-22,1641.0531005859375,1662.4054614799702,1622.8787170065632,1628.7382263355244,1588285,COFORGE
96,2025-05-23,1652.871337890625,1682.5659182786455,1636.7825101863932,1650.7856615576638,1916425,COFORGE
97,2025-05-26,1679.4873046875,1685.346814026876,1645.2242138896643,1661.1143429553272,1328450,COFORGE
98,2025-05-27,1680.28173828125,1684.2542702607639,1668.4634313957854,1678.39476134457,823720,COFORGE
99,2025-05-28,1681.771484375,1703.0245553007264,1679.5865189864896,1695.2780692331996,1397865,COFORGE
100,2025-05-29,1714.246826171875,1727.8528208453702,1691.4047674501205,1697.0656982203966,1920635,COFORGE
101,2025-05-30,1698.356689453125,1724.8734128302015,1681.3741396955231,1722.489869425333,1536140,COFORGE
102,2025-06-02,1705.30859375,1711.2673915532605,1678.8912810686224,1698.158084878908,1574265,COFORGE
103,2025-06-03,1688.12744140625,1719.4111294147058,1684.750765120832,1716.1337421781427,910355,COFORGE
104,2025-06-04,1712.6578369140625,1718.6166348389593,1682.3672807958376,1707.1956054829072,1812516,COFORGE
105,2025-06-05,1753.8729248046875,1779.6943834937713,1701.2368744000169,1712.6579042048038,2409185,COFORGE
106,2025-06-06,1763.3076171875,1771.2526810779534,1732.0239281188396,1767.2801491327266,1206610,COFORGE
107,2025-06-09,1781.6805419921875,1792.6050046242467,1759.8316167280693,1776.218310676158,1439693,COFORGE
108,2025-06-10,1817.929931640625,1881.9870092646734,1804.5226363239638,1804.5226363239638,6550333,COFORGE
109,2025-06-11,1804.026123046875,1835.3098130419073,1798.067324952583,1822.3990838376083,2303047,COFORGE
110,2025-06-12,1772.2457275390625,1815.4470103342148,1754.3693346583098,1808.9916462383874,1603658,COFORGE
111,2025-06-13,1780.19091796875,1809.4883417233264,1732.520533554524,1756.852292265952,1328872,COFORGE
112,2025-06-16,1816.9368896484375,1836.3029838534906,1772.7424695394702,1780.1909673106445,1346285,COFORGE
113,2025-06-17,1827.8612060546875,1849.7101310931025,1803.0328821473975,1822.3989747950836,1357037,COFORGE
114,2025-06-18,1820.9093017578125,1837.2959957741766,1794.0947115492163,1818.4264693310906,1254949,COFORGE
115,2025-06-19,1781.6805419921875,1827.3646584535256,1765.7904145273742,1826.3715254869749,1334241,COFORGE
116,2025-06-20,1819.419677734375,1826.3716088174212,1767.7767611174604,1783.1703228013484,1770433,COFORGE
117,2025-06-23,1818.4263916015625,1835.3096513815879,1793.1015019315244,1802.5362647497739,655286,COFORGE
118,2025-06-24,1849.213623046875,1862.1243518866222,1822.895598873544,1846.2342240838564,1519443,COFORGE
119,2025-06-25,1867.0899658203125,1881.9869602284532,1850.2067054910863,1857.1586362148853,1087112,COFORGE
120,2025-06-26,1875.03515625,1880.9939544160488,1848.2205645027807,1871.0626241393009,2528144,COFORGE
121,2025-06-27,1886.4560546875,1941.5749338847395,1880.0006904571926,1882.9800893327192,3971962,COFORGE
122,2025-06-30,1911.2843017578125,1916.2499663505841,1870.0692856378078,1902.8426719501006,1701327,COFORGE
123,2025-07-01,1909.2982177734375,1947.8318271763303,1893.0108121114295,1916.7467153720336,2376579,COFORGE
124,2025-07-02,1912.8734130859375,1942.4688244532222,1892.9114643868209,1906.91461519175,1567953,COFORGE
125,2025-07-03,1924.98974609375,1942.9654291818983,1913.1714391246173,1921.215792193672,1090866,COFORGE
126,2025-07-04,1937.205078125,1939.5886214146226,1910.4897779359108,1929.6572920679014,859326,COFORGE
127,2025-07-07,1928.3662109375,1953.6911012992825,1923.4005461606798,1937.2051184866498,932234,COFORGE
128,2025-07-08,1936.2120361328125,1980.30716474978,1927.9691051270981,1931.5443596134353,1511062,COFORGE
129,2025-07-09,1918.0377197265625,1946.54058697154,1909.397390300265,1940.5817892563211,939038,COFORGE
130,2025-07-10,1874.737060546875,1925.6848304433809,1862.5215977448718,1922.7054315308847,1659275,COFORGE
131,2025-07-11,1854.973876953125,1880.2987686041251,1833.5221070395742,1874.737126785319,2092630,COFORGE
132,2025-07-14,1862.1243896484375,1877.8159396646977,1829.3510003906251,1850.2067935546875,1090630,COFORGE
133,2025-07-15,1880.89453125,1901.8496123934076,1859.343473346834,1862.1242941188716,1579538,COFORGE
134,2025-07-16,1869.4736328125,1881.2919400709902,1856.3642041270937,1879.2062637302704,1256821,COFORGE
135,2025-07-17,1852.490966796875,1880.3979788472234,1843.254781736088,1877.0213025222017,851068,COFORGE
136,2025-07-18,1846.5322265625,1868.8777189556413,1825.974300821577,1852.4910245340043,1092144,COFORGE
137,2025-07-21,1861.4290771484375,1871.8569727899485,1830.3439683147342,1847.1279388793848,746077,COFORGE
138,2025-07-22,1845.6383056640625,1870.5659185590553,1835.3096986977087,1865.103687312931,1001823,COFORGE
139,2025-07-23,1836.9979248046875,1856.2647278162867,1826.3714509888707,1854.8743174734204,1602723,COFORGE
140,2025-07-24,1664.490966796875,1824.8819519625642,1659.4260125643705,1820.4128533046967,11480454,COFORGE
141,2025-07-25,1677.2030029296875,1713.1543678372782,1642.1453607066314,1663.4977194941687,5036489,COFORGE
142,2025-07-28,1712.8563232421875,1720.1062421551756,1656.0491678947778,1677.2029478875422,2064973,COFORGE
143,2025-07-29,1708.685302734375,1715.0413780923811,1682.367278600425,1698.2574063794136,3254411,COFORGE
144,2025-07-30,1737.486083984375,1740.9620492852869,1699.6477430980015,1713.154326877992,1877573,COFORGE
145,2025-07-31,1740.1737060546875,1748.236614961894,1693.3894900216503,1717.6774903067328,2814159,COFORGE
146,2025-08-01,1698.4661865234375,1738.4815740938802,1692.5932499471126,1736.7894276357274,1167544,COFORGE
147,2025-08-04,1738.4815673828125,1741.4677939514634,1682.2409670065579,1697.1720998498113,1391708,COFORGE
148,2025-08-05,1698.8642578125,1739.9746924567596,1690.8014703244858,1736.988465867875,1980437,COFORGE
149,2025-08-06,1630.7784423828125,1702.5473994587635,1626.4981355274745,1698.8643136388534,2517229,COFORGE
150,2025-08-07,1696.2762451171875,1700.1583640443218,1625.403181590015,1630.7784138345185,2503589,COFORGE
151,2025-08-08,1599.423095703125,1674.2777976231084,1593.9483466621457,1674.2777976231084,3441538,COFORGE
152,2025-08-11,1606.4903564453125,1619.4306714077409,1577.0262789866797,1599.4229779601137,1857927,COFORGE
153,2025-08-12,1617.9375,1644.415349977323,1606.4902987138382,1612.1640803125988,1170688,COFORGE
154,2025-08-13,1614.2545166015625,1632.57006411978,1599.8210879800665,1627.4935031824696,873679,COFORGE
155,2025-08-14,1634.46142578125,1642.3251804508695,1614.1550597704213,1618.5348832645022,1241786,COFORGE
156,2025-08-18,1647.8994140625,1658.948428417181,1634.5609106614993,1656.3603896103896,1056549,COFORGE
157,2025-08-19,1645.1121826171875,1657.2562436763733,1632.1718673719072,1657.2562436763733,844413,COFORGE
158,2025-08-20,1700.5565185546875,1713.0986458726995,1625.203995042976,1634.8595338785701,2185643,COFORGE
159,2025-08-21,1720.2655029296875,1725.4417017862936,1670.3955445144784,1707.1261548895864,2306077,COFORGE
160,2025-08-22,1739.676025390625,1747.937967577085,1713.2976904585107,1720.2655525160503,2262754,COFORGE
161,2025-08-25,1755.9012451171875,1789.2474422325083,1748.9333830333892,1748.9333830333892,2137912,COFORGE
162,2025-08-26,1731.314697265625,1770.8323808251148,1726.5366860827214,1744.8522336040226,1692453,COFORGE
163,2025-08-28,1729.2242431640625,1745.051268524701,1703.144579331722,1722.0573478923898,1147193,COFORGE
164,2025-08-29,1716.383544921875,1749.4310704510563,1712.302271390309,1724.0481445355501,868677,COFORGE
165,2025-09-01,1756.4984130859375,1763.1677252134944,1721.0618827177254,1722.0572915567757,1050753,COFORGE
166,2025-09-02,1746.5443115234375,1774.1172090630998,1743.4585684476274,1769.8369024835179,1084460,COFORGE
167,2025-09-03,1723.84912109375,1751.1232267881633,1710.2119467366724,1736.9884695084327,915451,COFORGE
168,2025-09-04,1684.7294921875,1739.6760125458857,1678.7570390394203,1733.0068218011447,1208094,COFORGE
169,2025-09-05,1650.6865234375,1702.9454873938178,1632.4704931116364,1697.9684432075017,1573984,COFORGE
170,2025-09-08,1654.7677001953125,1678.2593248052026,1648.5960924057654,1662.2332665867948,1245512,COFORGE
171,2025-09-09,1688.8106689453125,1706.1308076304667,1659.3465906184294,1667.3098615992017,1705824,COFORGE
172,2025-09-10,1760.4801025390625,1770.6333459152888,1702.149167080274,1704.1399848195495,2946800,COFORGE
173,2025-09-11,1762.8690185546875,1766.6516206710605,1736.9883892591358,1760.4800130869712,900505,COFORGE
174,2025-09-12,1755.9012451171875,1782.67776799833,1752.8155019249084,1773.8186047612405,1155805,COFORGE
175,2025-09-15,1746.245849609375,1765.7558393869228,1732.310125266859,1757.7925683340566,570950,COFORGE
176,2025-09-16,1771.4295654296875,1776.8047975224856,1745.3499021596356,1750.9241674185166,782670,COFORGE
177,2025-09-17,1783.673095703125,1809.2550538713251,1770.63326441307,1778.795568164439,1223772,COFORGE
178,2025-09-18,1816.1234130859375,1819.0101229992836,1794.8216397896977,1797.7083497030437,2107488,COFORGE
179,2025-09-19,1787.0576171875,1821.5982568416964,1783.8722358543118,1821.5982568416964,1490876,COFORGE
180,2025-09-22,1709.017578125,1738.5811740830763,1694.3849942742327,1712.103321437243,2928020,COFORGE
181,2025-09-23,1660.242431640625,1715.288467689574,1654.5685283361008,1710.1123903158482,2038607,COFORGE
182,2025-09-24,1615.74755859375,1665.61763801,1610.5714812998233,1665.61763801,2635426,COFORGE
183,2025-09-25,1583.9942626953125,1639.438490924698,1580.1121436060835,1616.3450525890905,1465683,COFORGE
184,2025-09-26,1531.4365234375,1586.6817148907214,1524.6676946194636,1584.1931927531891,1851852,COFORGE
185,2025-09-29,1545.073486328125,1567.6693389292868,1517.998415649663,1546.765754189193,2271394,COFORGE
186,2025-09-30,1583.695556640625,1603.6037345996524,1551.2452508693855,1576.6281777671454,6590593,COFORGE
187,2025-10-01,1593.4505615234375,1599.1243434564963,1547.1640492478527,1583.6955060313012,1603862,COFORGE
188,2025-10-03,1605.6939697265625,1612.3632818364947,1581.2069366526127,1587.6770940893405,1434833,COFORGE
189,2025-10-06,1654.7677001953125,1658.6498190208572,1590.762862395057,1607.4857797159252,1432985,COFORGE
190,2025-10-07,1678.757080078125,1684.2318289310333,1639.4384292254206,1662.731021374314,1937983,COFORGE
191,2025-10-08,1705.8321533203125,1725.2426265288805,1665.6177316755882,1674.775444790553,2733508,COFORGE
192,2025-10-09,1712.2027587890625,1720.5642175297116,1691.1996561081748,1712.103242204862,1167579,COFORGE
193,2025-10-10,1714.3927001953125,1739.3774378714745,1705.135349344486,1727.0343439069954,1374406,COFORGE
194,2025-10-13,1708.12158203125,1714.989927379853,1678.657504452032,1702.1491289472247,857446,COFORGE
195,2025-10-14,1692.6927490234375,1727.0343543402905,1680.2501384013892,1719.1706001251823,836488,COFORGE
196,2025-10-15,1757.294921875,1763.6655632294662,1702.1492437124004,1702.1492437124004,2653260,COFORGE
197,2025-10-16,1753.4127197265625,1766.8507394349408,1740.7710757159625,1758.8874684966424,579027,COFORGE
198,2025-10-17,1726.9349365234375,1748.9334490593747,1703.1446393515025,1748.9334490593747,1237165,COFORGE
199,2025-10-20,1739.37744140625,1749.4310464465866,1729.9210573714035,1732.0113916455539,456862,COFORGE
200,2025-10-21,1733.5045166015625,1756.498436791978,1721.0619059455078,1754.6071356702837,106674,COFORGE
201,2025-10-23,1746.6439208984375,1774.1173033164953,1738.083428794348,1767.8461787406618,1981822,COFORGE
202,2025-10-24,1751.919677734375,1766.8508113514292,1739.078878521733,1760.8783579046076,1609152,COFORGE
203,2025-10-27,1822.1954345703125,1858.0301535255196,1811.6441249576978,1841.5063907537037,6887265,COFORGE
204,2025-10-28,1801.490966796875,1837.5247181921452,1793.2290248229413,1833.4435662511137,2276191,COFORGE
205,2025-10-29,1789.14794921875,1813.6349834195864,1774.017661302959,1801.6900768328494,1754243,COFORGE
206,2025-10-30,1799.4005126953125,1804.6762281548697,1780.6868993964285,1801.2918137945803,1236877,COFORGE
207,2025-10-31,1773.861572265625,1808.379072932593,1770.0707032786963,1805.6855575529505,697258,COFORGE
208,2025-11-03,1790.5218505859375,1793.7141741530063,1753.8095206679561,1773.761847410481,1055825,COFORGE
209,2025-11-04,1762.7880859375,1790.1227982133946,1755.8047715053763,1782.7404128864246,1067437,COFORGE
210,2025-11-06,1759.695556640625,1772.764306859806,1744.4319773183333,1746.8262809856615,1453706,COFORGE
211,2025-11-07,1736.0518798828125,1747.3249930659404,1710.9119972070155,1745.8285685785872,1410909,COFORGE
212,2025-11-10,1753.4105224609375,1767.9756972308799,1719.1923537466723,1736.2515694628153,1401690,COFORGE
213,2025-11-11,1792.8162841796875,1795.7093958956088,1753.6100354369023,1764.5838150784866,2162659,COFORGE
214,2025-11-12,1823.3433837890625,1827.6331828754521,1796.707075523302,1803.6903900866907,1138331,COFORGE
215,2025-11-13,1805.885009765625,1825.6378615697533,1794.113210283214,1825.6378615697533,1550251,COFORGE
216,2025-11-14,1795.310302734375,1800.6974552110953,1751.8142555959466,1796.7069899363894,1575511,COFORGE
217,2025-11-17,1796.8067626953125,1810.7733914325934,1787.229670202759,1801.7948443871985,518247,COFORGE
218,2025-11-18,1780.046875,1790.7213210712523,1767.2773372020745,1785.733239396959,785781,COFORGE
219,2025-11-19,1853.7706298828125,1861.2527524150798,1771.5671410851062,1779.1490008952694,2324817,COFORGE
220,2025-11-20,1841.699462890625,1883.499611029401,1836.1128358578455,1873.5234478353893,1733072,COFORGE
221,2025-11-21,1793.21533203125,1845.490451462743,1786.8305632386653,1832.5214393256604,1342531,COFORGE
222,2025-11-24,1803.889892578125,1830.6260603179392,1795.7094869603764,1797.7047197236657,1409000,COFORGE
223,2025-11-25,1827.3338623046875,1829.827903237996,1788.9256319317376,1810.6737175819242,1612174,COFORGE
224,2025-11-26,1866.639892578125,1868.5353879628924,1825.8373602843599,1841.300413414859,902345,COFORGE
225,2025-11-27,1905.646728515625,1910.4353357713314,1867.5378321482676,1873.52353032823,1702344,COFORGE
226,2025-11-28,1904.1502685546875,1927.7938489933886,1896.468671411678,1911.432916583259,1344163,COFORGE
227,2025-12-01,1898.0648193359375,1931.3852293636785,1893.4758085393914,1914.4257516264975,957784,COFORGE
228,2025-12-02,1909.3380126953125,1922.606237472377,1897.4663534257913,1903.4520517015824,789262,COFORGE
229,2025-12-03,1907.9412841796875,1929.3900358711194,1890.5827351991259,1917.4186395782272,1033164,COFORGE
230,2025-12-04,1961.51318359375,1981.2660356823787,1913.2286505403683,1917.418590423732,3120396,COFORGE
231,2025-12-05,1973.1854248046875,1983.460800255523,1952.335218503635,1965.3042311968118,1822538,COFORGE
232,2025-12-08,1946.6488037109375,1984.9571735615766,1928.0930424515707,1975.2803438212582,1538773,COFORGE
233,2025-12-09,1869.0341796875,1933.480169747332,1850.7777522790582,1933.480169747332,2178634,COFORGE
234,2025-12-10,1815.8612060546875,1884.4972586824374,1811.8707407107331,1879.2098433899625,1182576,COFORGE
235,2025-12-11,1837.0107421875,1859.5568469849911,1819.5524563386602,1823.6426589530922,1305450,COFORGE
236,2025-12-12,1846.587890625,1850.2790224617845,1821.4480069522147,1845.590274260535,1341771,COFORGE
237,2025-12-15,1865.5426025390625,1870.430947083402,1831.1248379467643,1850.5783570641502,774833,COFORGE
238,2025-12-16,1862.3502197265625,1866.9392305039005,1837.1104777821968,1862.5496942814887,810515,COFORGE
239,2025-12-17,1840.3028564453125,1882.8014109402282,1836.5119873328354,1862.3502754950503,728993,COFORGE
240,2025-12-18,1850.37890625,1865.7421010446028,1823.6427386132978,1845.2909652997598,983034,COFORGE
241,2025-12-19,1841.001220703125,1873.2241554614764,1832.6212190798262,1866.739649242631,2031217,COFORGE
242,2025-12-22,1864.24560546875,1877.5139514997984,1843.3955213904428,1845.590228626263,824181,COFORGE
243,2025-12-23,1775.95654296875,1842.5973625625522,1735.1541324719121,1842.5973625625522,3815131,COFORGE
244,2025-12-24,1733.557861328125,1776.754697462733,1727.9712341928127,1775.9565556808293,2702033,COFORGE
245,2025-12-26,1669.3115234375,1740.541234951706,1654.9458233294945,1725.8763229998028,4261704,COFORGE
246,2025-12-29,1679.28759765625,1710.6126526339326,1633.197650673579,1706.9215209671872,8071211,COFORGE
247,2025-12-30,1650.955322265625,1680.8838127709682,1629.4068334576457,1680.8838127709682,8204848,COFORGE
248,2025-12-31,1659.0360107421875,1673.4017107172303,1642.7748153226353,1666.9172043613528,2650044,COFORGE
249,2026-01-01,1651.8531494140625,1668.0144850672139,1647.962421414797,1666.0192524295737,1009599,COFORGE
250,2026-01-02,1646.3663330078125,1658.936274829082,1624.4187730159845,1658.936274829082,2358220,COFORGE
251,2026-01-05,1638.0860595703125,1657.140507649154,1626.1146632762543,1655.045537653562,1643132,COFORGE
252,2026-01-06,1653.1500244140625,1658.4374397653978,1630.2048484308941,1644.0717400113724,1387735,COFORGE
253,2026-01-07,1697.4442138671875,1700.9358710805493,1646.066972013435,1656.043135480183,1845212,COFORGE
254,2026-01-08,1643.0740966796875,1703.6293592420611,1639.781914076609,1695.9477622073277,1508881,COFORGE
255,2026-01-09,1677.5916748046875,1680.983594841542,1643.972051619594,1643.972051619594,1700004,COFORGE
256,2026-01-12,1693.0546875,1698.1425065419664,1664.3234096151268,1680.9835539904175,1476570,COFORGE
257,2026-01-13,1704.427490234375,1712.90722899176,1679.0880112387927,1705.9239147209723,2425785,COFORGE
258,2026-01-14,1677.5916748046875,1725.0781899826216,1669.411269226988,1705.9240042605559,1903405,COFORGE
259,2026-01-15,1677.5916748046875,1677.5916748046875,1677.5916748046875,1677.5916748046875,0,COFORGE
260,2026-01-16,1728.1708984375,1731.6625557566942,1691.9573752438341,1695.9478407514846,3448276,COFORGE
261,2026-01-19,1723.881103515625,1737.7479955444492,1712.0094442454995,1735.852500067817,1311096,COFORGE
262,2026-01-20,1689.6627197265625,1726.873857334057,1681.9811227413172,1726.873857334057,1719928,COFORGE
263,2026-01-21,1665.22119140625,1690.460934207961,1589.202872937906,1689.6627924024701,3976423,COFORGE
264,2026-01-22,1683.6771240234375,1736.0519842288038,1670.0098282625365,1676.9931429565854,2134697,COFORGE
265,2026-01-23,1632.4993896484375,1705.9239273101289,1625.5160753261155,1669.910002089449,3575484,COFORGE
266,2026-01-27,1660.3328857421875,1680.3849493658386,1629.4067799031295,1640.0812257874572,3017548,COFORGE
267,2026-01-28,1690.16162109375,1693.1544702316419,1664.7224034216688,1667.0169698057898,1311827,COFORGE
268,2026-01-29,1674.0999755859375,1690.7602417284643,1656.2426185329964,1686.4704427040235,1643016,COFORGE
269,2026-01-30,1653.800048828125,1668.5,1644.5999755859375,1655.0999755859375,1487848,COFORGE
270,2026-02-02,1668.199951171875,1677.9000244140625,1638.0,1665.4000244140625,790021,COFORGE
271,2026-02-03,1712.0999755859375,1759.0,1702.5,1741.0,1260061,COFORGE
272,2026-02-04,1613.9000244140625,1662.0,1564.5999755859375,1662.0,4759330,COFORGE
0,2025-01-01,2798.971435546875,2807.8441908191107,2761.7158685606337,2803.432347360214,198476,MPHASIS
1,2025-01-02,2841.91357421875,2851.1295690935526,2791.5206109438973,2804.0699030845362,250308,MPHASIS
2,2025-01-03,2813.04052734375,2852.011812858053,2776.5202660756295,2842.2077158733227,517777,MPHASIS
3,2025-01-06,2840.884033203125,2902.208706983821,2818.6778495403146,2902.208706983821,421827,MPHASIS
4,2025-01-07,2868.874755859375,2880.3945695918055,2836.08009995649,2857.4040104824785,555628,MPHASIS
5,2025-01-08,2867.55126953125,2874.561102807586,2811.863953365186,2861.8157773176476,384582,MPHASIS
6,2025-01-09,2815.6875,2885.296586473957,2813.0895101212163,2866.8160078346536,202661,MPHASIS
7,2025-01-10,2857.894287109375,2898.5322214678877,2828.481995989896,2828.481995989896,1295966,MPHASIS
8,2025-01-13,2723.087890625,2841.1291205456832,2713.8230670055113,2828.481931396265,327553,MPHASIS
9,2025-01-14,2725.783935546875,2746.5195039479104,2682.8910132628444,2736.7154074258465,736104,MPHASIS
10,2025-01-15,2725.293701171875,2761.4218922070927,2713.8720245906397,2743.1861771306435,346009,MPHASIS
11,2025-01-16,2766.127685546875,2816.0306802523974,2738.333215636521,2743.186195523298,468033,MPHASIS
12,2025-01-17,2762.010009765625,2778.3339740035126,2730.6859694143063,2763.823863355776,294222,MPHASIS
13,2025-01-20,2750.294189453125,2777.500557426505,2697.6953071143876,2764.7552318894263,276667,MPHASIS
14,2025-01-21,2719.21533203125,2798.285277451059,2715.0976592222914,2750.2942712007903,322108,MPHASIS
15,2025-01-22,2753.921630859375,2758.8236790957817,2699.950031904972,2719.509395854494,421294,MPHASIS
16,2025-01-23,2861.766845703125,2890.2477953573007,2748.6767304323234,2753.9217787121806,830570,MPHASIS
17,2025-01-24,2950.346923828125,3018.093089696892,2700.587555652824,2804.952119134587,4727360,MPHASIS
18,2025-01-27,2879.561279296875,2984.317906804279,2870.6885240911497,2905.29703261419,1054296,MPHASIS
19,2025-01-28,2827.25634765625,2944.023233518448,2810.8835542600705,2867.404075228646,843006,MPHASIS
20,2025-01-29,2950.2978515625,2959.3175728142614,2843.2862299348444,2843.2862299348444,636180,MPHASIS
21,2025-01-30,2811.4228515625,2952.209535865107,2781.912424897984,2940.003483405402,1251426,MPHASIS
22,2025-01-31,2811.765869140625,2844.5605247764624,2797.4520315532873,2843.188046979673,434230,MPHASIS
23,2025-02-01,2743.676513671875,2812.795396721318,2721.8623980995326,2794.167612637071,301341,MPHASIS
24,2025-02-03,2762.54931640625,2782.941885183236,2674.6556862276984,2735.3429483713735,606662,MPHASIS
25,2025-02-04,2750.490234375,2818.628705784626,2709.0679262159106,2784.3634360192646,550653,MPHASIS
26,2025-02-05,2786.22607421875,2806.716779412741,2750.8334296510225,2768.67683731741,327625,MPHASIS
27,2025-02-06,2770.29443359375,2839.9525871434366,2762.647429805001,2803.481396011115,389617,MPHASIS
28,2025-02-07,2812.30517578125,2832.7468134156293,2762.5984527230244,2778.4810417165986,211878,MPHASIS
29,2025-02-10,2732.352783203125,2831.913436753171,2715.685818195403,2813.7758571859445,359767,MPHASIS
30,2025-02-11,2660.439697265625,2739.2645366501524,2636.2233876493533,2734.3624884456963,249486,MPHASIS
31,2025-02-12,2614.360595703125,2690.6853470565043,2605.536908423578,2675.5380650981824,732007,MPHASIS
32,2025-02-13,2550.976806640625,2645.4884392443355,2543.6728027179133,2622.595778481564,559365,MPHASIS
33,2025-02-14,2504.21142578125,2578.526527415846,2481.269935006508,2578.526527415846,469018,MPHASIS
34,2025-02-17,2540.584716796875,2544.0649796702064,2457.8870646503683,2494.1622227644743,227875,MPHASIS
35,2025-02-18,2528.427490234375,2564.1145461145525,2480.4364843862936,2540.241474721299,276630,MPHASIS
36,2025-02-19,2560.0947265625,2578.477407701053,2502.299624934454,2522.005715500287,251079,MPHASIS
37,2025-02-20,2585.58544921875,2590.340531947839,2538.770886625065,2550.388837168935,279331,MPHASIS
38,2025-02-21,2517.2509765625,2599.017049911622,2505.4369917897134,2588.2816115534506,248774,MPHASIS
39,2025-02-24,2439.1611328125,2489.2601629095825,2414.7980960221953,2486.858207079247,430982,MPHASIS
40,2025-02-25,2404.846923828125,2446.367371513389,2392.1997340918424,2422.1022307679905,268308,MPHASIS
41,2025-02-27,2329.845458984375,2401.0232972259155,2313.766836036407,2397.101658520769,775514,MPHASIS
42,2025-02-28,2203.2255859375,2318.22768575276,2183.4213588792895,2294.158580973968,1097369,MPHASIS
43,2025-03-03,2221.02001953125,2240.481247651976,2194.4510605045034,2215.7259029399256,442636,MPHASIS
44,2025-03-04,2202.58837890625,2225.431731886165,2140.2832988104287,2196.1175795804293,541824,MPHASIS
45,2025-03-05,2262.638671875,2290.237109796578,2130.4303251660804,2130.4303251660804,582517,MPHASIS
46,2025-03-06,2297.099853515625,2323.4727778576707,2270.4327584014354,2270.4327584014354,560584,MPHASIS
47,2025-03-07,2257.148193359375,2284.3054937150014,2230.432029489664,2274.648601949273,314701,MPHASIS
48,2025-03-10,2220.6279296875,2272.099437991515,2204.4511699348095,2231.559401898458,352043,MPHASIS
49,2025-03-11,2233.226318359375,2239.402707948455,2156.9013278994357,2188.5686089033443,281705,MPHASIS
50,2025-03-12,2181.460693359375,2234.7458179778614,2127.734192881019,2216.706374889522,436694,MPHASIS
51,2025-03-13,2161.9501953125,2247.5400037033737,2156.7542157706644,2182.391831798212,869498,MPHASIS
52,2025-03-17,2157.097412109375,2192.3921619318066,2138.8128666250573,2163.862382773379,449847,MPHASIS
53,2025-03-18,2157.097412109375,2157.097412109375,2157.097412109375,2157.097412109375,0,MPHASIS
54,2025-03-19,2241.069580078125,2259.844329851983,2192.686266253345,2254.9422814141262,550648,MPHASIS
55,2025-03-20,2260.677734375,2323.1788508668715,2249.549988872139,2255.187344477288,637186,MPHASIS
56,2025-03-21,2382.346435546875,2390.2387812811617,2196.5097342742242,2235.3340530439086,1232731,MPHASIS
57,2025-03-24,2434.30810546875,2458.8674152026865,2358.277288837628,2388.5230224432,433340,MPHASIS
58,2025-03-25,2484.750244140625,2509.6527940972805,2426.5630721492266,2464.0637431169325,966857,MPHASIS
59,2025-03-26,2465.877197265625,2521.9077515100817,2456.024271921976,2480.4363760857786,781651,MPHASIS
60,2025-03-27,2478.671630859375,2489.7503077830956,2439.259210775484,2448.082897631183,458236,MPHASIS
61,2025-03-28,2451.22021484375,2508.868351447282,2428.572895028033,2468.671554882476,390216,MPHASIS
62,2025-04-01,2398.8173828125,2448.229934905783,2354.9440496640955,2354.9440496640955,379487,MPHASIS
63,2025-04-02,2425.925537109375,2453.916280429509,2389.601551139611,2412.7881435701643,294985,MPHASIS
64,2025-04-03,2327.541748046875,2371.071843954202,2307.884485252068,2343.2283035965916,556470,MPHASIS
65,2025-04-04,2185.529296875,2323.5219647706936,2176.509575335269,2313.766935941998,705009,MPHASIS
66,2025-04-07,2061.01708984375,2079.399770526921,2004.4965700463554,2023.0752847852493,573919,MPHASIS
67,2025-04-08,2126.410400390625,2172.2445516628154,2087.0470485705805,2113.273006785149,645228,MPHASIS
68,2025-04-09,2076.11572265625,2108.7143459065624,2010.8203394403074,2068.6645130273273,1248075,MPHASIS
69,2025-04-11,2118.22412109375,2176.5094270224017,2103.0277714906656,2176.5094270224017,480772,MPHASIS
70,2025-04-15,2225.23583984375,2233.373288194692,2142.195186437841,2159.74442425866,747484,MPHASIS
71,2025-04-16,2222.686767578125,2238.765389764552,2191.2155227167827,2225.627996467678,368946,MPHASIS
72,2025-04-17,2229.157470703125,2239.745943257195,2148.175773690536,2208.863037933228,868626,MPHASIS
73,2025-04-21,2334.061279296875,2371.1208131040767,2215.921912756027,2229.1574434473255,1063680,MPHASIS
74,2025-04-22,2354.748046875,2381.0230745006234,2305.92359632612,2335.041716316324,610522,MPHASIS
75,2025-04-23,2458.18115234375,2474.4558088464087,2387.6895552087153,2410.827318588563,1447072,MPHASIS
76,2025-04-24,2419.749267578125,2489.2602193140638,2399.1606639524475,2480.2404979781913,823663,MPHASIS
77,2025-04-25,2488.8681640625,2521.221684213189,2392.1996717479124,2452.9850732431464,3212180,MPHASIS
78,2025-04-28,2454.357421875,2482.7893017227775,2376.5129914142153,2482.397233605938,1011111,MPHASIS
79,2025-04-29,2462.69091796875,2490.1423883234347,2423.0824636286925,2454.357435896792,669660,MPHASIS
80,2025-04-30,2420.631591796875,2498.5741643152433,2405.9254460386924,2454.161556253963,664812,MPHASIS
81,2025-05-02,2409.65087890625,2472.2010622729786,2399.062406844281,2415.729370847695,316115,MPHASIS
82,2025-05-05,2407.984375,2458.377338152595,2398.180277938574,2421.5138374584976,267130,MPHASIS
83,2025-05-06,2311.511962890625,2431.4161202401665,2305.923675324545,2414.7491548998105,556788,MPHASIS
84,2025-05-07,2355.14013671875,2360.3363560074886,2284.452740865897,2294.1587011661572,435576,MPHASIS
85,2025-05-08,2328.374755859375,2380.336466725067,2316.315908786236,2359.846001013612,430111,MPHASIS
86,2025-05-09,2340.531982421875,2347.1006791410564,2265.824815694213,2304.45285978323,344612,MPHASIS
87,2025-05-12,2482.789306640625,2500.044612256585,2367.6893092547657,2392.1995505513987,691719,MPHASIS
88,2025-05-13,2441.808349609375,2482.495349744061,2435.337550230368,2482.495349744061,284561,MPHASIS
89,2025-05-14,2521.2216796875,2531.9080496719253,2424.651324259549,2426.5140069459885,626343,MPHASIS
90,2025-05-15,2572.88916015625,2578.4774474369233,2506.613370326906,2529.456963645347,642884,MPHASIS
91,2025-05-16,2549.457275390625,2591.3209608575935,2529.457013353753,2578.4774981086707,412947,MPHASIS
92,2025-05-19,2484.848388671875,2549.065224125814,2481.416954716321,2549.065224125814,377534,MPHASIS
93,2025-05-20,2482.789306640625,2543.5747050562754,2474.7499953668944,2502.0054315603156,562623,MPHASIS
94,2025-05-21,2507.495849609375,2518.280355901418,2460.828253911586,2494.1621824506274,497535,MPHASIS
95,2025-05-22,2493.8681640625,2504.8487050865015,2452.0047167697076,2495.2408812891517,398695,MPHASIS
96,2025-05-23,2491.613037109375,2543.3787155053024,2485.5345450330046,2495.8288465577357,493482,MPHASIS
97,2025-05-26,2496.123046875,2506.123177745824,2475.3384095172855,2503.966324320012,293829,MPHASIS
98,2025-05-27,2488.083740234375,2503.672158443708,2464.945975983179,2496.2211884710655,396746,MPHASIS
99,2025-05-28,2481.9072265625,2512.7901329961237,2472.691470861953,2499.848772457412,358982,MPHASIS
100,2025-05-29,2516.123291015625,2535.5354504278016,2489.0641276343204,2509.8487648466407,563264,MPHASIS
101,2025-05-30,2508.67236328125,2526.025566927094,2488.868135409783,2524.4568156795617,466811,MPHASIS
102,2025-06-02,2442.298583984375,2454.847636065008,2339.943672527206,2413.2783624928043,1782200,MPHASIS
103,2025-06-03,2452.396728515625,2484.0640097059572,2432.1022955915755,2470.632444683807,470919,MPHASIS
104,2025-06-04,2454.259521484375,2500.0446042075123,2441.51419605116,2462.789037556577,606388,MPHASIS
105,2025-06-05,2480.240478515625,2492.6916336914055,2418.7688389014684,2460.828318806461,362691,MPHASIS
106,2025-06-06,2495.338623046875,2511.809553234734,2457.2007829504932,2489.260131015999,801312,MPHASIS
107,2025-06-09,2552.00634765625,2580.73239859594,2503.574206144591,2509.946868941274,691277,MPHASIS
108,2025-06-10,2619.06640625,2632.400074062877,2554.0654338962836,2565.045974788032,1221722,MPHASIS
109,2025-06-11,2627.39990234375,2650.24349659967,2602.987796156828,2622.59599047816,844643,MPHASIS
110,2025-06-12,2612.10546875,2648.08645490097,2594.1639243494874,2627.399715618999,804368,MPHASIS
111,2025-06-13,2592.399169921875,2632.007863721449,2541.319970352607,2583.379448939458,267645,MPHASIS
112,2025-06-16,2654.361083984375,2664.8516590944446,2569.6537829895096,2593.0854787051517,389765,MPHASIS
113,2025-06-17,2640.63525390625,2671.6162945698966,2614.9485689639687,2666.7142463229793,439638,MPHASIS
114,2025-06-18,2634.7529296875,2656.71425056262,2618.8703404332296,2638.2825003474873,262836,MPHASIS
115,2025-06-19,2596.4189453125,2651.02771539489,2573.6734891170677,2643.380472190455,369450,MPHASIS
116,2025-06-20,2643.28271484375,2652.890538515368,2595.3405364105975,2599.2621752505524,418896,MPHASIS
117,2025-06-23,2620.8310546875,2644.8510913524324,2598.0855984518644,2637.694052964377,303383,MPHASIS
118,2025-06-24,2630.2431640625,2674.655770888685,2624.850910767789,2648.086572547976,327260,MPHASIS
119,2025-06-25,2698.67578125,2709.166116955751,2635.4393568820597,2647.1061363323915,509014,MPHASIS
120,2025-06-26,2747.59814453125,2753.970807489128,2687.106914787267,2707.891552255241,551408,MPHASIS
121,2025-06-27,2745.147216796875,2826.5212235804966,2737.303939034598,2754.9513139997207,967905,MPHASIS
122,2025-06-30,2789.65771484375,2814.7562993585966,2747.5982336999186,2758.7748087379346,412320,MPHASIS
123,2025-07-01,2825.050537109375,2832.0115416893914,2789.6576513646273,2789.6576513646273,451128,MPHASIS
124,2025-07-02,2831.913330078125,2874.5611506972696,2818.6777995411494,2828.4818962352056,741113,MPHASIS
125,2025-07-03,2826.3251953125,2855.8353843389673,2823.580000218497,2843.0900579490917,196536,MPHASIS
126,2025-07-04,2866.9140625,2870.5415306014756,2826.4230930914828,2845.6392193945276,221365,MPHASIS
127,2025-07-07,2818.285888671875,2892.600754273195,2808.971996292823,2892.208686126688,341950,MPHASIS
128,2025-07-08,2852.60009765625,2879.4632271167256,2807.10894493763,2823.481738704759,450522,MPHASIS
129,2025-07-09,2863.89990234375,2875.0,2830.800048828125,2858.0,444794,MPHASIS
130,2025-07-10,2861.10009765625,2871.10009765625,2814.0,2840.0,406584,MPHASIS
131,2025-07-11,2838.800048828125,2882.89990234375,2816.0,2834.0,509645,MPHASIS
132,2025-07-14,2829.5,2846.89990234375,2784.5,2828.0,371224,MPHASIS
133,2025-07-15,2884.800048828125,2889.60009765625,2819.0,2829.5,348866,MPHASIS
134,2025-07-16,2876.800048828125,2911.0,2857.89990234375,2884.0,305648,MPHASIS
135,2025-07-17,2844.0,2898.800048828125,2829.39990234375,2890.89990234375,333929,MPHASIS
136,2025-07-18,2832.699951171875,2862.0,2800.199951171875,2857.0,217302,MPHASIS
137,2025-07-21,2802.89990234375,2832.60009765625,2781.199951171875,2832.60009765625,194145,MPHASIS
138,2025-07-22,2777.199951171875,2814.89990234375,2770.0,2809.800048828125,119617,MPHASIS
139,2025-07-23,2736.39990234375,2798.0,2708.39990234375,2798.0,406908,MPHASIS
140,2025-07-24,2653.5,2750.0,2626.199951171875,2750.0,654406,MPHASIS
141,2025-07-25,2625.0,2792.0,2604.0,2621.0,1931951,MPHASIS
142,2025-07-28,2703.800048828125,2750.300048828125,2661.5,2690.0,1505713,MPHASIS
143,2025-07-29,2774.300048828125,2782.0,2687.0,2703.800048828125,633100,MPHASIS
144,2025-07-30,2806.60009765625,2857.0,2772.0,2782.0,867993,MPHASIS
145,2025-07-31,2790.199951171875,2818.39990234375,2747.39990234375,2791.39990234375,537398,MPHASIS
146,2025-08-01,2757.39990234375,2799.89990234375,2735.699951171875,2790.89990234375,604083,MPHASIS
147,2025-08-04,2747.300048828125,2775.0,2642.699951171875,2674.699951171875,506319,MPHASIS
148,2025-08-05,2705.199951171875,2746.89990234375,2694.0,2746.89990234375,228414,MPHASIS
149,2025-08-06,2654.10009765625,2716.5,2646.10009765625,2709.0,168222,MPHASIS
150,2025-08-07,2702.699951171875,2707.0,2640.0,2647.10009765625,200594,MPHASIS
151,2025-08-08,2695.89990234375,2704.0,2653.10009765625,2699.0,302616,MPHASIS
152,2025-08-11,2672.199951171875,2704.89990234375,2650.0,2695.89990234375,297006,MPHASIS
153,2025-08-12,2717.800048828125,2732.800048828125,2674.89990234375,2674.89990234375,438682,MPHASIS
154,2025-08-13,2695.199951171875,2741.39990234375,2691.60009765625,2731.5,257068,MPHASIS
155,2025-08-14,2720.199951171875,2746.89990234375,2698.199951171875,2700.5,463745,MPHASIS
156,2025-08-18,2698.10009765625,2753.89990234375,2680.60009765625,2747.199951171875,143263,MPHASIS
157,2025-08-19,2742.60009765625,2750.0,2673.60009765625,2701.0,176937,MPHASIS
158,2025-08-20,2835.5,2840.800048828125,2708.39990234375,2734.10009765625,489453,MPHASIS
159,2025-08-21,2854.39990234375,2887.5,2815.10009765625,2845.0,456237,MPHASIS
160,2025-08-22,2848.60009765625,2878.0,2824.0,2850.0,283753,MPHASIS
161,2025-08-25,2917.699951171875,2967.60009765625,2900.0,2900.0,1159563,MPHASIS
162,2025-08-26,2873.199951171875,2930.0,2865.39990234375,2900.0,757495,MPHASIS
163,2025-08-28,2831.800048828125,2880.0,2822.5,2880.0,393518,MPHASIS
164,2025-08-29,2788.0,2852.10009765625,2780.39990234375,2840.0,220828,MPHASIS
165,2025-09-01,2921.5,2932.800048828125,2808.0,2808.0,682684,MPHASIS
166,2025-09-02,2902.60009765625,2947.5,2886.89990234375,2910.0,309527,MPHASIS
167,2025-09-03,2892.89990234375,2919.0,2842.699951171875,2902.60009765625,373223,MPHASIS
168,2025-09-04,2861.199951171875,2915.0,2850.39990234375,2892.89990234375,261264,MPHASIS
169,2025-09-05,2797.39990234375,2874.60009765625,2760.800048828125,2861.199951171875,614253,MPHASIS
170,2025-09-08,2787.10009765625,2849.89990234375,2760.60009765625,2819.89990234375,338468,MPHASIS
171,2025-09-09,2853.300048828125,2876.39990234375,2787.60009765625,2800.0,391809,MPHASIS
172,2025-09-10,2968.39990234375,2988.39990234375,2867.300048828125,2869.0,1090464,MPHASIS
173,2025-09-11,2925.5,2982.699951171875,2895.800048828125,2980.199951171875,355515,MPHASIS
174,2025-09-12,2904.199951171875,2949.5,2895.39990234375,2947.0,270909,MPHASIS
175,2025-09-15,2939.199951171875,2944.0,2878.39990234375,2911.60009765625,449163,MPHASIS
176,2025-09-16,2950.699951171875,2960.0,2930.10009765625,2939.800048828125,274021,MPHASIS
177,2025-09-17,2978.10009765625,3008.199951171875,2951.800048828125,2960.0,580704,MPHASIS
178,2025-09-18,3000.60009765625,3037.199951171875,2973.199951171875,2995.89990234375,451516,MPHASIS
179,2025-09-19,2993.800048828125,3012.800048828125,2971.0,3002.199951171875,229066,MPHASIS
180,2025-09-22,2852.39990234375,2924.89990234375,2817.0,2919.10009765625,778252,MPHASIS
181,2025-09-23,2766.60009765625,2840.0,2753.39990234375,2840.0,845283,MPHASIS
182,2025-09-24,2740.89990234375,2751.800048828125,2704.300048828125,2750.0,518369,MPHASIS
183,2025-09-25,2717.39990234375,2758.39990234375,2684.5,2742.5,353350,MPHASIS
184,2025-09-26,2642.39990234375,2717.39990234375,2631.0,2717.0,405140,MPHASIS
185,2025-09-29,2678.10009765625,2689.0,2634.0,2652.0,458764,MPHASIS
186,2025-09-30,2654.800048828125,2710.0,2634.10009765625,2705.0,504534,MPHASIS
187,2025-10-01,2691.0,2698.0,2630.0,2655.0,161664,MPHASIS
188,2025-10-03,2736.89990234375,2742.199951171875,2680.0,2698.89990234375,617247,MPHASIS
189,2025-10-06,2792.300048828125,2796.800048828125,2720.0,2736.89990234375,276653,MPHASIS
190,2025-10-07,2817.699951171875,2822.0,2778.10009765625,2798.0,207553,MPHASIS
191,2025-10-08,2799.800048828125,2885.0,2782.0,2782.0,742778,MPHASIS
192,2025-10-09,2807.199951171875,2829.0,2790.699951171875,2800.0,472352,MPHASIS
193,2025-10-10,2783.199951171875,2828.0,2756.10009765625,2828.0,299386,MPHASIS
194,2025-10-13,2750.199951171875,2775.0,2733.0,2770.0,290341,MPHASIS
195,2025-10-14,2745.300048828125,2791.300048828125,2732.60009765625,2775.0,145319,MPHASIS
196,2025-10-15,2781.89990234375,2800.0,2748.0,2758.199951171875,359169,MPHASIS
197,2025-10-16,2783.60009765625,2797.39990234375,2748.60009765625,2795.89990234375,191036,MPHASIS
198,2025-10-17,2693.699951171875,2775.0,2689.10009765625,2775.0,465225,MPHASIS
199,2025-10-20,2747.5,2753.300048828125,2687.699951171875,2705.5,202423,MPHASIS
200,2025-10-21,2740.699951171875,2764.0,2732.0,2756.0,30806,MPHASIS
201,2025-10-23,2799.199951171875,2824.0,2769.5,2775.0,420173,MPHASIS
202,2025-10-24,2818.89990234375,2833.5,2795.800048828125,2805.10009765625,237956,MPHASIS
203,2025-10-27,2888.699951171875,2897.0,2835.0,2843.199951171875,377691,MPHASIS
204,2025-10-28,2830.89990234375,2927.5,2820.0,2925.0,235233,MPHASIS
205,2025-10-29,2874.60009765625,2897.39990234375,2801.0,2845.0,574786,MPHASIS
206,2025-10-30,2893.699951171875,2907.0,2854.0,2883.0,325329,MPHASIS
207,2025-10-31,2764.39990234375,2961.199951171875,2752.0,2950.0,1346667,MPHASIS
208,2025-11-03,2784.199951171875,2790.0,2731.0,2764.39990234375,570679,MPHASIS
209,2025-11-04,2766.60009765625,2812.5,2755.0,2785.0,225861,MPHASIS
210,2025-11-06,2773.89990234375,2786.0,2743.60009765625,2763.89990234375,354396,MPHASIS
211,2025-11-07,2736.0,2764.800048828125,2705.300048828125,2761.0,268774,MPHASIS
212,2025-11-10,2776.199951171875,2804.0,2726.60009765625,2736.0,430038,MPHASIS
213,2025-11-11,2777.5,2798.89990234375,2758.5,2785.0,590878,MPHASIS
214,2025-11-12,2825.800048828125,2859.0,2788.0,2795.0,558402,MPHASIS
215,2025-11-13,2822.0,2843.89990234375,2801.10009765625,2835.89990234375,312058,MPHASIS
216,2025-11-14,2772.10009765625,2814.0,2744.10009765625,2790.0,430174,MPHASIS
217,2025-11-17,2688.699951171875,2798.89990234375,2676.89990234375,2785.89990234375,794655,MPHASIS
218,2025-11-18,2658.5,2708.0,2626.800048828125,2651.0,4967271,MPHASIS
219,2025-11-19,2713.699951171875,2725.89990234375,2665.39990234375,2674.5,814207,MPHASIS
220,2025-11-20,2740.39990234375,2758.89990234375,2702.89990234375,2736.800048828125,1216126,MPHASIS
221,2025-11-21,2747.10009765625,2777.199951171875,2713.5,2734.89990234375,2115723,MPHASIS
222,2025-11-24,2765.300048828125,2821.60009765625,2751.699951171875,2757.10009765625,1388293,MPHASIS
223,2025-11-25,2797.199951171875,2809.0,2760.0,2782.89990234375,599773,MPHASIS
224,2025-11-26,2800.199951171875,2820.89990234375,2775.89990234375,2802.300048828125,671295,MPHASIS
225,2025-11-27,2791.5,2827.0,2783.0,2810.0,683457,MPHASIS
226,2025-11-28,2811.39990234375,2819.5,2787.300048828125,2805.10009765625,295505,MPHASIS
227,2025-12-01,2832.300048828125,2842.60009765625,2809.89990234375,2822.0,312556,MPHASIS
228,2025-12-02,2838.10009765625,2849.0,2810.0,2820.10009765625,309489,MPHASIS
229,2025-12-03,2861.0,2875.0,2829.300048828125,2838.10009765625,474601,MPHASIS
230,2025-12-04,2908.39990234375,2933.10009765625,2865.0,2865.0,866476,MPHASIS
231,2025-12-05,2953.60009765625,2968.89990234375,2911.89990234375,2911.89990234375,810701,MPHASIS
232,2025-12-08,2896.800048828125,2968.300048828125,2868.699951171875,2968.300048828125,789218,MPHASIS
233,2025-12-09,2878.800048828125,2919.10009765625,2841.800048828125,2890.0,368244,MPHASIS
234,2025-12-10,2857.5,2896.60009765625,2840.0,2878.800048828125,263746,MPHASIS
235,2025-12-11,2894.89990234375,2916.300048828125,2848.0,2857.5,267730,MPHASIS
236,2025-12-12,2912.699951171875,2926.39990234375,2885.199951171875,2919.0,140084,MPHASIS
237,2025-12-15,2897.89990234375,2903.5,2860.300048828125,2895.699951171875,207272,MPHASIS
238,2025-12-16,2863.10009765625,2892.0,2842.10009765625,2892.0,242376,MPHASIS
239,2025-12-17,2865.300048828125,2896.60009765625,2856.699951171875,2863.0,247800,MPHASIS
240,2025-12-18,2887.89990234375,2916.0,2860.300048828125,2879.300048828125,426920,MPHASIS
241,2025-12-19,2890.199951171875,2913.699951171875,2870.0,2913.699951171875,410473,MPHASIS
242,2025-12-22,2887.0,2905.0,2817.0,2902.89990234375,923952,MPHASIS
243,2025-12-23,2938.39990234375,2945.0,2863.300048828125,2891.800048828125,453003,MPHASIS
244,2025-12-24,2891.89990234375,2945.0,2884.300048828125,2934.0,351406,MPHASIS
245,2025-12-26,2850.60009765625,2913.0,2843.800048828125,2900.0,151986,MPHASIS
246,2025-12-29,2812.300048828125,2874.699951171875,2791.0,2850.60009765625,331924,MPHASIS
247,2025-12-30,2795.699951171875,2811.0,2773.199951171875,2810.89990234375,308588,MPHASIS
248,2025-12-31,2791.199951171875,2818.300048828125,2776.199951171875,2795.89990234375,137856,MPHASIS
249,2026-01-01,2828.60009765625,2840.89990234375,2788.89990234375,2788.89990234375,96465,MPHASIS
250,2026-01-02,2807.199951171875,2844.300048828125,2800.199951171875,2842.0,124901,MPHASIS
251,2026-01-05,2801.89990234375,2817.300048828125,2761.60009765625,2802.0,166865,MPHASIS
252,2026-01-06,2816.0,2837.0,2793.10009765625,2805.0,378512,MPHASIS
253,2026-01-07,2874.800048828125,2881.0,2806.199951171875,2819.89990234375,376876,MPHASIS
254,2026-01-08,2817.199951171875,2891.0,2801.39990234375,2881.699951171875,404363,MPHASIS
255,2026-01-09,2838.199951171875,2852.39990234375,2795.300048828125,2817.199951171875,317088,MPHASIS
256,2026-01-12,2832.199951171875,2849.39990234375,2789.300048828125,2838.800048828125,219456,MPHASIS
257,2026-01-13,2873.699951171875,2878.5,2805.0,2832.0,314103,MPHASIS
258,2026-01-14,2788.800048828125,2882.89990234375,2773.699951171875,2876.10009765625,363314,MPHASIS
259,2026-01-15,2788.800048828125,2788.800048828125,2788.800048828125,2788.800048828125,0,MPHASIS
260,2026-01-16,2886.5,2929.89990234375,2805.5,2805.5,1193508,MPHASIS
261,2026-01-19,2889.800048828125,2908.0,2830.5,2875.0,273546,MPHASIS
262,2026-01-20,2815.699951171875,2881.10009765625,2802.5,2876.10009765625,335776,MPHASIS
263,2026-01-21,2798.89990234375,2832.39990234375,2721.10009765625,2806.0,1448566,MPHASIS
264,2026-01-22,2810.10009765625,2889.89990234375,2780.10009765625,2810.0,344252,MPHASIS
265,2026-01-23,2752.800048828125,2879.0,2732.10009765625,2847.89990234375,1589967,MPHASIS
266,2026-01-27,2806.10009765625,2825.0,2752.800048828125,2765.800048828125,508935,MPHASIS
267,2026-01-28,2833.699951171875,2858.0,2809.0,2816.0,222958,MPHASIS
268,2026-01-29,2772.800048828125,2832.0,2757.5,2830.39990234375,647094,MPHASIS
269,2026-01-30,2759.0,2789.60009765625,2725.0,2752.0,550213,MPHASIS
270,2026-02-02,2761.39990234375,2798.0,2718.0,2770.0,265952,MPHASIS
271,2026-02-03,2819.300048828125,2975.0,2811.10009765625,2975.0,614479,MPHASIS
272,2026-02-04,2688.10009765625,2759.0,2615.10009765625,2757.5,1037616,MPHASIS
0,2025-01-01,4636.736328125,4707.59832676843,4623.807336097984,4675.522822302434,61831,LTTS
1,2025-01-02,4733.30810546875,4742.190552369649,4618.872388467402,4635.650343724656,101596,LTTS
2,2025-01-03,4732.8642578125,4816.062992573431,4699.456288399357,4737.354635872242,118016,LTTS
3,2025-01-06,4701.4794921875,4765.926388506506,4655.142533234222,4737.354323939874,79939,LTTS
4,2025-01-07,4813.052734375,4832.643561627171,4707.746194813371,4707.746194813371,148865,LTTS
5,2025-01-08,4842.4140625,4852.530182777311,4749.148368236013,4808.710206932411,70442,LTTS
6,2025-01-09,4815.619140625,4905.085031796047,4800.025220999445,4837.57852532469,113356,LTTS
7,2025-01-10,4871.18359375,4958.379718824627,4758.57379873912,4771.848316185723,254564,LTTS
8,2025-01-13,4789.7119140625,4904.887361897406,4754.625956972296,4836.19681945454,123685,LTTS
9,2025-01-14,4645.07568359375,4840.884687716012,4625.041022738425,4789.711824831371,181717,LTTS
10,2025-01-15,4788.37890625,4860.129528543941,4599.922805383571,4655.388942295306,220136,LTTS
11,2025-01-16,5175.90087890625,5267.192702606586,4955.91235363503,4955.91235363503,1475906,LTTS
12,2025-01-17,5303.7587890625,5349.404698510657,5113.624685589617,5127.14593693354,524096,LTTS
13,2025-01-20,5303.11669921875,5339.929796145851,5234.080637032293,5304.054483599372,158858,LTTS
14,2025-01-21,5310.12451171875,5387.1553609795355,5289.448436549782,5303.117151060739,220459,LTTS
15,2025-01-22,5312.6416015625,5329.468712792362,5221.349776389668,5309.729939782019,98432,LTTS
16,2025-01-23,5381.92431640625,5437.0449355039655,5270.794929820814,5309.7298516992805,174956,LTTS
17,2025-01-24,5360.0634765625,5413.358160365552,5321.572871593629,5388.684695641917,132143,LTTS
18,2025-01-27,5189.91552734375,5329.468551934038,5171.607526787062,5290.0401612744845,136721,LTTS
19,2025-01-28,5054.16162109375,5246.417545572219,5042.170413730446,5161.688772119517,184979,LTTS
20,2025-01-29,5271.23876953125,5288.954509177741,5077.749660520245,5077.749660520245,151866,LTTS
21,2025-01-30,5339.97900390625,5374.76858802001,5230.330033907411,5280.121276840173,92083,LTTS
22,2025-01-31,5378.173828125,5392.434801412983,5255.4479197589235,5339.979112453761,96898,LTTS
23,2025-02-01,5347.8251953125,5377.581295501524,5289.5461861888225,5349.700282131867,32834,LTTS
24,2025-02-03,5429.0009765625,5445.926876181514,5204.719192834293,5255.447737525654,175780,LTTS
25,2025-02-04,5458.31298828125,5498.234846731128,5369.143472816491,5452.835671906207,90754,LTTS
26,2025-02-05,5542.1044921875,5566.13606130601,5451.700821057217,5487.378554667725,134591,LTTS
27,2025-02-06,5456.43798828125,5571.268390640905,5410.397399024524,5571.268390640905,53784,LTTS
28,2025-02-07,5524.6845703125,5547.581738046843,5421.401544671053,5476.522160544731,52163,LTTS
29,2025-02-10,5435.3173828125,5536.67616565335,5391.596197379994,5524.68447663033,59172,LTTS
30,2025-02-11,5210.443359375,5476.522092659864,5153.250558722665,5435.31740760516,255639,LTTS
31,2025-02-12,5041.47998046875,5252.487261692625,4974.170574770919,5210.4435806918145,221448,LTTS
32,2025-02-13,4958.083984375,5121.669068766971,4926.945780224868,5033.387212060645,155165,LTTS
33,2025-02-14,4893.5869140625,5015.868505483322,4865.45916505246,5015.868505483322,232850,LTTS
34,2025-02-17,4753.984375,4900.100921691192,4731.383577778068,4893.53739457627,83747,LTTS
35,2025-02-18,4865.212890625,4885.247552562334,4741.253299162098,4760.992072264356,126855,LTTS
36,2025-02-19,4808.4140625,4886.628947349184,4764.051461118879,4831.11365053194,147229,LTTS
37,2025-02-20,4851.19775390625,4863.238597229903,4772.834927775519,4807.673666558843,42440,LTTS
38,2025-02-21,5056.18505859375,5091.6160566955605,4925.218118260398,4931.682855003129,389616,LTTS
39,2025-02-24,4821.787109375,5004.07437166973,4749.789748896613,4967.2617562633495,412098,LTTS
40,2025-02-25,4666.09765625,4835.9498820454655,4654.402337710274,4821.7872170586925,137207,LTTS
41,2025-02-27,4584.97119140625,4692.74507883396,4554.2773046947505,4665.258742558957,129313,LTTS
42,2025-02-28,4473.990234375,4584.9711903090365,4417.19162905555,4549.293456458503,155159,LTTS
43,2025-03-03,4502.2158203125,4516.724008907188,4409.641182518807,4470.930159256372,71934,LTTS
44,2025-03-04,4506.85498046875,4519.685181880355,4373.815853977548,4393.01152002429,99755,LTTS
45,2025-03-05,4692.30078125,4706.216711884171,4390.3472058643365,4390.3472058643365,171843,LTTS
46,2025-03-06,4794.7451171875,4816.01345044833,4692.053870615321,4726.399621733113,102844,LTTS
47,2025-03-07,4759.01806640625,4784.530526332517,4715.740711167807,4775.006664948659,56726,LTTS
48,2025-03-10,4592.76806640625,4796.077424076963,4567.453186941083,4760.005009931305,57573,LTTS
49,2025-03-11,4582.109375,4607.029575682516,4445.369219065907,4509.421440479052,81183,LTTS
50,2025-03-12,4333.3017578125,4573.522510579543,4296.43950565664,4573.522510579543,173365,LTTS
51,2025-03-13,4321.0146484375,4393.801368118216,4261.156438526344,4369.966416082939,155991,LTTS
52,2025-03-17,4392.5673828125,4405.200002874372,4307.986560445084,4328.267953896063,85073,LTTS
53,2025-03-18,4392.5673828125,4392.5673828125,4392.5673828125,4392.5673828125,0,LTTS
54,2025-03-19,4586.50146484375,4603.0818413220495,4468.216771832996,4562.173041716084,94854,LTTS
55,2025-03-20,4593.853515625,4689.882927568692,4552.796774757705,4617.934720337367,86375,LTTS
56,2025-03-21,4609.3974609375,4662.297460768079,4417.783448087027,4490.5701622554525,134865,LTTS
57,2025-03-24,4519.09326171875,4672.167541820727,4470.8320583962595,4672.167541820727,311696,LTTS
58,2025-03-25,4564.64013671875,4667.676911123429,4521.165684554495,4550.72468811105,211322,LTTS
59,2025-03-26,4458.791015625,4604.414095239837,4435.647594590387,4564.640180506014,259602,LTTS
60,2025-03-27,4389.65625,4508.23682889048,4363.255641897588,4423.458897757293,413745,LTTS
61,2025-03-28,4442.90185546875,4539.917730735849,4373.2238913076,4421.485094281869,254499,LTTS
62,2025-04-01,4503.49951171875,4539.769504380246,4422.323813857307,4429.133593649765,127585,LTTS
63,2025-04-02,4575.20068359375,4598.640475695427,4441.223766633635,4512.283346899773,85955,LTTS
64,2025-04-03,4400.265625,4507.348460104296,4359.110093769905,4507.348460104296,130276,LTTS
65,2025-04-04,4218.373046875,4355.064039410382,4205.345264933292,4265.548517963316,104284,LTTS
66,2025-04-07,4030.262451171875,4074.625050865023,3914.198378661407,3947.7542901274905,115209,LTTS
67,2025-04-08,4048.570068359375,4151.655997553447,4007.9576414830112,4120.468641514793,119357,LTTS
68,2025-04-09,4036.134765625,4056.9590253374863,3938.871919228679,4006.970682051726,63134,LTTS
69,2025-04-11,4078.277099609375,4181.757709970145,4051.8273374383944,4145.14219090311,75906,LTTS
70,2025-04-15,4297.13037109375,4308.776053017414,4120.468373752045,4124.416127882586,86793,LTTS
71,2025-04-16,4180.47412109375,4336.015733094558,4169.815377505586,4297.130450570254,106900,LTTS
72,2025-04-17,4179.19140625,4197.745658744788,4058.489010988209,4145.142025327666,119768,LTTS
73,2025-04-21,4308.47998046875,4318.54694583372,4161.031466362226,4179.191038207518,214959,LTTS
74,2025-04-22,4343.8125,4372.137829489735,4263.574587673962,4312.921515772041,100164,LTTS
75,2025-04-23,4393.25830078125,4502.41380416339,4385.955051666397,4401.746068954125,312674,LTTS
76,2025-04-24,4419.412109375,4436.288855238384,4356.149250898446,4393.258237369701,160141,LTTS
77,2025-04-25,4200.50927734375,4291.1100438672,4110.500288430008,4253.7051690398885,628378,LTTS
78,2025-04-28,4130.93017578125,4201.397493312323,4095.7950663016536,4200.509344979869,267128,LTTS
79,2025-04-29,4130.53564453125,4179.684994324075,4081.089924014603,4140.207450103777,205571,LTTS
80,2025-04-30,4201.49658203125,4240.875337398769,4095.795357273654,4130.338209684396,153671,LTTS
81,2025-05-02,4139.31884765625,4235.940030155362,4130.436401181088,4228.04452217744,151959,LTTS
82,2025-05-05,4157.97216796875,4188.86315224444,4136.358309809114,4145.141966643425,70024,LTTS
83,2025-05-06,4040.526611328125,4185.113115617224,4021.7747780073546,4164.7820841624025,115436,LTTS
84,2025-05-07,4030.854736328125,4051.284317940301,3997.1014831055963,3998.581891062302,81438,LTTS
85,2025-05-08,4034.407470703125,4124.416218670397,4000.061960821038,4047.4350114303174,123370,LTTS
86,2025-05-09,4057.89697265625,4066.0883705342303,3947.7545250272638,3951.6034893084397,170913,LTTS
87,2025-05-12,4390.791015625,4418.524086504443,4142.2800703516405,4193.50208701304,271984,LTTS
88,2025-05-13,4310.15869140625,4406.681099205212,4300.28930484588,4390.791290462289,106792,LTTS
89,2025-05-14,4349.537109375,4389.902800889146,4296.14363585217,4343.417897421672,62984,LTTS
90,2025-05-15,4434.70947265625,4484.648658410996,4377.072359166542,4389.902559993862,203391,LTTS
91,2025-05-16,4415.76123046875,4530.048536738737,4382.106525133163,4451.586911756008,132562,LTTS
92,2025-05-19,4466.0947265625,4495.505303956468,4397.897173210671,4421.978378567937,84343,LTTS
93,2025-05-20,4412.10888671875,4495.505196063954,4400.759093139225,4495.505196063954,95717,LTTS
94,2025-05-21,4393.25830078125,4434.7097211615355,4375.0987272810835,4412.602393339437,160692,LTTS
95,2025-05-22,4399.77197265625,4445.6646143629605,4357.728294840999,4386.941771748998,67431,LTTS
96,2025-05-23,4423.9521484375,4540.509690156863,4377.27014674917,4422.4717405796855,156032,LTTS
97,2025-05-26,4451.388671875,4465.896861069076,4394.639706237106,4441.223397748253,51028,LTTS
98,2025-05-27,4387.9287109375,4447.934380889743,4372.236484667765,4422.471559539123,68176,LTTS
99,2025-05-28,4334.33837890625,4420.9913939557955,4323.284473986686,4410.628538807557,82429,LTTS
100,2025-05-29,4362.564453125,4456.225310763947,4347.563275711168,4380.526928210071,77450,LTTS
101,2025-05-30,4310.55322265625,4386.744595147116,4290.222190658418,4386.744595147116,52117,LTTS
102,2025-06-02,4301.6708984375,4327.725982429896,4269.595392296344,4327.725982429896,46545,LTTS
103,2025-06-03,4264.75927734375,4336.608214767807,4257.850707133605,4336.608214767807,57521,LTTS
104,2025-06-04,4299.99267578125,4331.772291357911,4232.09149308658,4269.496369522526,48207,LTTS
105,2025-06-05,4268.80517578125,4319.336622991948,4241.368476478441,4299.992530767372,98278,LTTS
106,2025-06-06,4280.654296875,4319.28672688711,4273.4851617795,4319.28672688711,52629,LTTS
107,2025-06-09,4318.689453125,4352.044942574223,4292.5030991617,4329.144158773263,68357,LTTS
108,2025-06-10,4467.94287109375,4480.588281380067,4330.239652382646,4346.070967075201,266608,LTTS
109,2025-06-11,4565.12158203125,4580.156540955018,4449.0244733451045,4490.544782545028,294097,LTTS
110,2025-06-12,4509.76123046875,4589.117613658293,4496.618464568937,4580.156438018691,133924,LTTS
111,2025-06-13,4426.72119140625,4455.695757140175,4373.153468170258,4381.019291936709,133719,LTTS
112,2025-06-16,4498.51025390625,4523.502074774043,4402.924378657246,4430.703926416508,122103,LTTS
113,2025-06-17,4418.158203125,4543.316153567667,4400.933026247883,4530.372232902233,168357,LTTS
114,2025-06-18,4394.16259765625,4449.721693972518,4381.019345150834,4412.881304024658,61423,LTTS
115,2025-06-19,4288.22119140625,4441.656534197915,4256.5585642752885,4394.461104895669,122755,LTTS
116,2025-06-20,4360.60791015625,4376.041046954382,4256.558697549484,4267.511246244933,139225,LTTS
117,2025-06-23,4319.88427734375,4396.850626717979,4311.321278723774,4326.256571837136,43556,LTTS
118,2025-06-24,4312.81494140625,4393.863703972828,4290.013823783055,4381.019448733117,50701,LTTS
119,2025-06-25,4341.59033203125,4373.751290387278,4231.666664613685,4356.824623728822,105523,LTTS
120,2025-06-26,4300.568359375,4365.984656027663,4286.429419780545,4339.20079242825,146080,LTTS
121,2025-06-27,4366.681640625,4389.980601241924,4260.64105681183,4281.2514701297205,127945,LTTS
122,2025-06-30,4383.1103515625,4390.976175367293,4339.698335677629,4381.019313291629,68695,LTTS
123,2025-07-01,4335.4169921875,4420.846672607111,4306.342761041838,4383.1102633349265,94633,LTTS
124,2025-07-02,4305.14794921875,4385.898200127159,4277.567732209104,4341.59016266147,96650,LTTS
125,2025-07-03,4312.91455078125,4341.291608202542,4287.8230634335105,4311.8191986984275,70826,LTTS
126,2025-07-04,4364.6904296875,4387.989391166672,4311.32154838931,4312.914743656035,65617,LTTS
127,2025-07-07,4359.1142578125,4389.980530537989,4336.213474822622,4389.980530537989,34023,LTTS
128,2025-07-08,4317.29541015625,4369.071093119379,4289.515862109091,4355.330817879896,106255,LTTS
129,2025-07-09,4295.78857421875,4332.330453336026,4268.606534605024,4317.295494025447,74156,LTTS
130,2025-07-10,4330.43896484375,4362.400105502114,4245.805631016432,4310.226241648261,124119,LTTS
131,2025-07-11,4391.47412109375,4404.816219351944,4262.532754200735,4262.532754200735,128566,LTTS
132,2025-07-14,4324.46484375,4381.019629957659,4303.356100153864,4381.019629957659,56491,LTTS
133,2025-07-15,4331.73291015625,4365.984418968705,4303.853695931592,4339.200556823569,85523,LTTS
134,2025-07-16,4328.048828125,4406.1110196257805,4319.286983532021,4346.170512475166,93035,LTTS
135,2025-07-17,4392.5693359375,4480.587898758124,4326.854046755714,4331.234968799519,425801,LTTS
136,2025-07-18,4382.9111328125,4429.708385774228,4345.57289906644,4410.890013201198,79686,LTTS
137,2025-07-21,4349.35693359375,4410.890150249148,4293.299505216323,4382.015248588375,75598,LTTS
138,2025-07-22,4303.15673828125,4376.638676901165,4294.594225277182,4356.127442451435,44116,LTTS
139,2025-07-23,4294.1953125,4319.187133725185,4266.415764343482,4311.221644007192,63881,LTTS
140,2025-07-24,4281.64990234375,4305.944547881693,4271.493708845768,4293.398804788567,39142,LTTS
141,2025-07-25,4202.59228515625,4285.433574751527,4179.990499224851,4282.346850174134,49326,LTTS
142,2025-07-28,4223.80078125,4244.909038259385,4177.899547423917,4212.350389258729,67289,LTTS
143,2025-07-29,4268.7060546875,4290.411819294033,4153.8034787096285,4221.8091376129405,58900,LTTS
144,2025-07-30,4291.00927734375,4318.689158798941,4232.363458320049,4304.6498863645165,49562,LTTS
145,2025-07-31,4289.61572265625,4309.330116055478,4233.7576264585305,4249.588940694266,35739,LTTS
146,2025-08-01,4256.16064453125,4293.100702535594,4237.640782597879,4285.633055479794,24653,LTTS
147,2025-08-04,4247.697265625,4271.3944042245,4207.570817504082,4221.709756914666,40308,LTTS
148,2025-08-05,4220.21630859375,4276.372917694655,4205.778857496756,4271.494152145143,34602,LTTS
149,2025-08-06,4239.6318359375,4249.489032074004,4207.072702755666,4220.215955054273,45981,LTTS
150,2025-08-07,4188.45361328125,4241.623158455074,4171.92512533492,4218.523044436722,73506,LTTS
151,2025-08-08,4162.56591796875,4218.424012271896,4143.94639114273,4211.752720112863,32043,LTTS
152,2025-08-11,4127.21923828125,4180.289121787143,4112.184278430211,4171.925454388035,46447,LTTS
153,2025-08-12,4170.73046875,4200.800388685322,4126.721427157999,4158.583387915982,30204,LTTS
154,2025-08-13,4120.7470703125,4216.731124289201,4107.20564054143,4201.795831050868,41522,LTTS
155,2025-08-14,4135.88134765625,4188.154875741769,4121.443897042154,4131.1022481298305,25528,LTTS
156,2025-08-18,4143.44873046875,4179.890945042603,4133.193356398005,4179.890945042603,22934,LTTS
157,2025-08-19,4155.19775390625,4203.488533555598,4130.106267742199,4144.045874238918,29718,LTTS
158,2025-08-20,4215.33740234375,4228.579834989697,4137.076365912442,4143.249815128179,65541,LTTS
159,2025-08-21,4270.99609375,4289.416289048841,4217.627214459998,4249.58883975405,69313,LTTS
160,2025-08-22,4255.76220703125,4296.386010060819,4217.228956109524,4271.095677479915,26056,LTTS
161,2025-08-25,4357.8203125,4401.929019994685,4259.944060002122,4285.4337258668,129354,LTTS
162,2025-08-26,4306.3427734375,4351.048986151039,4285.234031731269,4341.191790101156,65907,LTTS
163,2025-08-28,4208.068359375,4306.24311515507,4187.955789998694,4281.450626205742,38258,LTTS
164,2025-08-29,4205.28076171875,4248.692778264953,4183.87350792996,4230.670760398478,28840,LTTS
165,2025-09-01,4225.6923828125,4263.13028249653,4198.311011340459,4198.311011340459,23010,LTTS
166,2025-09-02,4188.75244140625,4240.129949797643,4174.314990596795,4221.7097539373035,49531,LTTS
167,2025-09-03,4177.3017578125,4201.19822644985,4163.163305573674,4198.808676821095,129059,LTTS
168,2025-09-04,4154.99853515625,4231.666372972457,4142.054614485981,4215.735393685973,40031,LTTS
169,2025-09-05,4102.82470703125,4179.890722692019,4072.3566116746924,4179.890722692019,87337,LTTS
170,2025-09-08,4082.711669921875,4134.786350813804,4067.2785335471476,4131.10211733826,70785,LTTS
171,2025-09-09,4079.924072265625,4131.400759648204,4063.395583292669,4082.612133433712,57759,LTTS
172,2025-09-10,4187.7568359375,4233.658070769496,4103.621345114352,4120.149834629391,92480,LTTS
173,2025-09-11,4188.0556640625,4223.103528063328,4176.804117826998,4189.847704827485,26241,LTTS
174,2025-09-12,4198.41064453125,4219.220389453098,4161.968431366124,4194.826076876909,35495,LTTS
175,2025-09-15,4173.1201171875,4216.730977454856,4166.946668393995,4206.774115642684,22436,LTTS
176,2025-09-16,4243.31640625,4259.545898114588,4164.457858547047,4191.839231197386,40905,LTTS
177,2025-09-17,4269.50244140625,4301.065888533063,4236.644796684606,4268.506755202564,64113,LTTS
178,2025-09-18,4373.4521484375,4477.601026497851,4285.433581953914,4285.433581953914,383861,LTTS
179,2025-09-19,4326.65478515625,4395.357134050482,4309.529273948431,4376.04091869781,53493,LTTS
180,2025-09-22,4174.1162109375,4277.268920443717,4022.5725648892694,4251.4807430671635,113444,LTTS
181,2025-09-23,4171.92529296875,4201.7958797919155,4147.3316486810445,4194.228567228397,49064,LTTS
182,2025-09-24,4165.05517578125,4200.700548429439,4152.509432018647,4171.925313549486,31700,LTTS
183,2025-09-25,4103.0234375,4177.699901389959,4044.0791070411287,4165.1546443963625,50508,LTTS
184,2025-09-26,4041.390869140625,4103.023751485981,4016.6980443280054,4103.023751485981,37163,LTTS
185,2025-09-29,3969.900634765625,4099.937352652586,3934.2550193844213,4048.460180481952,64298,LTTS
186,2025-09-30,4096.1533203125,4112.08429935447,3967.80946764061,3972.688232737234,72509,LTTS
187,2025-10-01,4168.6396484375,4177.899335717339,4087.7897337434556,4132.0977700731555,58285,LTTS
188,2025-10-03,4271.1953125,4277.866118375494,4148.825088838325,4171.925203288309,51998,LTTS
189,2025-10-06,4282.2470703125,4310.325615988487,4216.731111968408,4271.1953422883535,46276,LTTS
190,2025-10-07,4283.4423828125,4302.260756296981,4241.7232248545915,4295.390618189941,33833,LTTS
191,2025-10-08,4213.24609375,4312.814712295433,4197.613626168409,4281.450597453621,51468,LTTS
192,2025-10-09,4256.16064453125,4265.91817554752,4191.142039127123,4211.752939471106,31587,LTTS
193,2025-10-10,4298.47705078125,4305.347188421409,4237.640525883791,4263.528367442293,33286,LTTS
194,2025-10-13,4175.70849609375,4280.753387804006,4162.963907493647,4233.6576260853835,57145,LTTS
195,2025-10-14,4134.78662109375,4207.172722149048,4110.192975438374,4184.073092092829,50826,LTTS
196,2025-10-15,4116.66455078125,4181.085641716451,4101.2314148428995,4166.5485261137355,55336,LTTS
197,2025-10-16,4178.69580078125,4193.830426038441,4124.03272365975,4149.024545418372,36703,LTTS
198,2025-10-17,4136.77783203125,4195.323988703024,4112.184187336772,4195.323988703024,50198,LTTS
199,2025-10-20,4181.58349609375,4200.8000451343605,4132.097697868593,4191.838869404042,74044,LTTS
200,2025-10-21,4186.7607421875,4216.730993591809,4172.522624211563,4216.730993591809,8405,LTTS
201,2025-10-23,4185.56640625,4238.436956208066,4173.319173896361,4231.666484303148,80225,LTTS
202,2025-10-24,4154.7001953125,4201.795960302796,4137.076354279175,4201.795960302796,34351,LTTS
203,2025-10-27,4194.39990234375,4220.0,4142.10009765625,4175.0,68733,LTTS
204,2025-10-28,4134.60009765625,4204.89990234375,4130.0,4204.89990234375,61282,LTTS
205,2025-10-29,4106.2998046875,4139.0,4065.199951171875,4134.89990234375,99498,LTTS
206,2025-10-30,4110.0,4136.0,4070.800048828125,4136.0,68973,LTTS
207,2025-10-31,4118.7998046875,4127.7998046875,4092.0,4111.10009765625,36858,LTTS
208,2025-11-03,4119.5,4133.89990234375,4075.5,4120.10009765625,93784,LTTS
209,2025-11-04,4090.300048828125,4132.2001953125,4074.800048828125,4110.0,52027,LTTS
210,2025-11-06,4100.60009765625,4115.0,4060.10009765625,4100.0,42372,LTTS
211,2025-11-07,4089.199951171875,4114.0,4022.10009765625,4075.0,62961,LTTS
212,2025-11-10,4086.5,4115.0,4053.89990234375,4115.0,47337,LTTS
213,2025-11-11,4103.60009765625,4109.10009765625,4071.0,4086.5,83902,LTTS
214,2025-11-12,4181.10009765625,4218.7998046875,4104.2001953125,4120.0,125217,LTTS
215,2025-11-13,4156.7998046875,4210.0,4133.10009765625,4210.0,50324,LTTS
216,2025-11-14,4086.5,4139.10009765625,4075.0,4139.10009765625,87544,LTTS
217,2025-11-17,4105.39990234375,4137.10009765625,4082.0,4101.10009765625,117854,LTTS
218,2025-11-18,4074.5,4126.0,4054.0,4107.0,59192,LTTS
219,2025-11-19,4440.0,4460.0,4085.0,4085.0,1180329,LTTS
220,2025-11-20,4331.2998046875,4424.0,4280.0,4400.0,160625,LTTS
221,2025-11-21,4265.39990234375,4334.5,4252.0,4300.0,54460,LTTS
222,2025-11-24,4322.2998046875,4345.0,4235.7998046875,4294.7001953125,102039,LTTS
223,2025-11-25,4262.7998046875,4340.0,4213.0,4340.0,68540,LTTS
224,2025-11-26,4275.89990234375,4305.0,4238.0,4305.0,61973,LTTS
225,2025-11-27,4385.2001953125,4400.0,4266.89990234375,4299.89990234375,105874,LTTS
226,2025-11-28,4440.39990234375,4452.60009765625,4336.0,4385.2001953125,117199,LTTS
227,2025-12-01,4444.7001953125,4515.0,4398.89990234375,4490.0,96723,LTTS
228,2025-12-02,4503.60009765625,4512.0,4384.89990234375,4440.0,122389,LTTS
229,2025-12-03,4513.10009765625,4532.0,4407.10009765625,4527.89990234375,102310,LTTS
230,2025-12-04,4685.10009765625,4726.0,4476.2998046875,4500.2001953125,589695,LTTS
231,2025-12-05,4546.39990234375,4720.0,4530.0,4707.7001953125,224340,LTTS
232,2025-12-08,4540.10009765625,4591.39990234375,4493.60009765625,4560.0,164021,LTTS
233,2025-12-09,4548.89990234375,4570.0,4428.39990234375,4539.39990234375,123394,LTTS
234,2025-12-10,4593.0,4604.60009765625,4536.10009765625,4578.0,80002,LTTS
235,2025-12-11,4666.2998046875,4683.0,4520.0,4594.0,99227,LTTS
236,2025-12-12,4676.0,4694.39990234375,4640.0,4676.0,95195,LTTS
237,2025-12-15,4610.5,4676.0,4601.0,4645.10009765625,44483,LTTS
238,2025-12-16,4590.2001953125,4621.2001953125,4560.89990234375,4600.0,30631,LTTS
239,2025-12-17,4481.89990234375,4638.0,4465.2998046875,4590.2001953125,38247,LTTS
240,2025-12-18,4551.5,4568.2998046875,4454.89990234375,4499.0,63352,LTTS
241,2025-12-19,4515.2001953125,4644.89990234375,4482.5,4589.7998046875,78505,LTTS
242,2025-12-22,4630.2001953125,4664.10009765625,4520.0,4523.89990234375,63157,LTTS
243,2025-12-23,4696.2001953125,4707.89990234375,4591.10009765625,4664.0,62317,LTTS
244,2025-12-24,4608.10009765625,4719.89990234375,4600.0,4719.89990234375,92728,LTTS
245,2025-12-26,4518.2998046875,4643.0,4509.0,4608.0,43929,LTTS
246,2025-12-29,4522.60009765625,4567.60009765625,4468.89990234375,4518.2998046875,59890,LTTS
247,2025-12-30,4438.5,4549.0,4425.0,4510.0,40070,LTTS
248,2025-12-31,4462.2001953125,4529.0,4422.10009765625,4438.5,59310,LTTS
249,2026-01-01,4380.0,4515.0,4351.0,4463.0,59526,LTTS
250,2026-01-02,4406.60009765625,4439.89990234375,4383.0,4384.89990234375,54494,LTTS
251,2026-01-05,4416.10009765625,4438.0,4327.2998046875,4406.0,116631,LTTS
252,2026-01-06,4302.39990234375,4408.39990234375,4279.7998046875,4354.39990234375,90700,LTTS
253,2026-01-07,4392.60009765625,4424.39990234375,4290.2998046875,4299.89990234375,111933,LTTS
254,2026-01-08,4421.5,4437.5,4350.0,4398.0,83941,LTTS
255,2026-01-09,4355.39990234375,4437.89990234375,4338.5,4401.10009765625,34464,LTTS
256,2026-01-12,4316.2998046875,4356.5,4247.2001953125,4355.5,43196,LTTS
257,2026-01-13,4317.7001953125,4350.5,4287.7001953125,4321.0,28800,LTTS
258,2026-01-14,4243.7998046875,4350.10009765625,4231.7998046875,4350.0,34963,LTTS
259,2026-01-15,4243.7998046875,4243.7998046875,4243.7998046875,4243.7998046875,0,LTTS
260,2026-01-16,3917.10009765625,4168.0,3891.0,4168.0,456682,LTTS
261,2026-01-19,3870.0,3917.0,3845.0,3917.0,119053,LTTS
262,2026-01-20,3825.89990234375,3864.0,3804.0,3864.0,73037,LTTS
263,2026-01-21,3898.699951171875,3903.699951171875,3716.0,3825.0,154994,LTTS
264,2026-01-22,3881.39990234375,3936.800048828125,3841.0,3904.89990234375,51999,LTTS
265,2026-01-23,3837.89990234375,3890.0,3818.0,3890.0,56299,LTTS
266,2026-01-27,3797.60009765625,3838.199951171875,3766.699951171875,3837.0,43547,LTTS
267,2026-01-28,3857.199951171875,3868.39990234375,3777.0,3812.0,37083,LTTS
268,2026-01-29,3755.89990234375,3864.39990234375,3745.0,3840.0,75380,LTTS
269,2026-01-30,3722.800048828125,3759.0,3712.10009765625,3758.0,61047,LTTS
270,2026-02-02,3693.199951171875,3785.0,3654.0,3770.39990234375,64603,LTTS
271,2026-02-03,3807.60009765625,3850.0,3760.300048828125,3850.0,77973,LTTS
272,2026-02-04,3812.300048828125,3835.0,3712.89990234375,3758.10009765625,94968,LTTS
